#adm4+name+i_spa+is_latn,#adm4+name+i_eng+is_latn,#adm4+code+v_pcode,#adm4+name,#adm4+name+alt1+i_spa+is_latn,#adm4+name+alt2+i_spa+is_latn,#adm4+name+alt1+i_eng+is_latn,#adm4+name+alt2+i_eng+is_latn,#adm3+name+i_spa+is_latn,#adm3+name+i_eng+is_latn,#adm3+code+v_pcode,#adm2+name+i_spa+is_latn,#adm2+name+i_eng+is_latn,#adm2+code+v_pcode,#adm1+name+i_spa+is_latn,#adm1+name+i_eng+is_latn,#adm1+code+v_pcode,#country+name+i_spa+is_latn,#country+name+i_eng+is_latn,#country+code+v_iso3166p1a2,#date+start,#date+updated,#date+end
San Francisco de Macorís,,DO01010101,San Francisco de Macoris,,,,,Municipio San Francisco de Macorís,,DO010101,Provincia Duarte,,DO0101,Región Cibao Nordeste,,DO01,República Dominicana,Dominican Republic,DO,2017-09-06,2020-01-21,
La Peña (D.M.),,DO01010102,La Pena (D.M.),,,,,Municipio San Francisco de Macorís,,DO010101,Provincia Duarte,,DO0101,Región Cibao Nordeste,,DO01,República Dominicana,Dominican Republic,DO,2017-09-06,2020-01-21,
Cenoví (D.M.),,DO01010103,Cenovi (D.M.),,,,,Municipio San Francisco de Macorís,,DO010101,Provincia Duarte,,DO0101,Región Cibao Nordeste,,DO01,República Dominicana,Dominican Republic,DO,2017-09-06,2020-01-21,
Jaya (D.M.),,DO01010104,Jaya (D.M.),,,,,Municipio San Francisco de Macorís,,DO010101,Provincia Duarte,,DO0101,Región Cibao Nordeste,,DO01,República Dominicana,Dominican Republic,DO,2017-09-06,2020-01-21,
Presidente Don Antonio Guzmán Fernández (D.M.),,DO01010105,Presidente Don Antonio Guzman Fernandez (D.M.),,,,,Municipio San Francisco de Macorís,,DO010101,Provincia Duarte,,DO0101,Región Cibao Nordeste,,DO01,República Dominicana,Dominican Republic,DO,2017-09-06,2020-01-21,
Arenoso,,DO01010201,Arenoso,,,,,Municipio Arenoso,,DO010102,Provincia Duarte,,DO0101,Región Cibao Nordeste,,DO01,República Dominicana,Dominican Republic,DO,2017-09-06,2020-01-21,
Las Coles (D.M.),,DO01010202,Las Coles (D.M.),,,,,Municipio Arenoso,,DO010102,Provincia Duarte,,DO0101,Región Cibao Nordeste,,DO01,República Dominicana,Dominican Republic,DO,2017-09-06,2020-01-21,
El Aguacate (D.M.),,DO01010203,El Aguacate (D.M.),,,,,Municipio Arenoso,,DO010102,Provincia Duarte,,DO0101,Región Cibao Nordeste,,DO01,República Dominicana,Dominican Republic,DO,2017-09-06,2020-01-21,
Castillo,,DO01010301,Castillo,,,,,Municipio Castillo,,DO010103,Provincia Duarte,,DO0101,Región Cibao Nordeste,,DO01,República Dominicana,Dominican Republic,DO,2017-09-06,2020-01-21,
Pimentel,,DO01010401,Pimentel,,,,,Municipio Pimentel,,DO010104,Provincia Duarte,,DO0101,Región Cibao Nordeste,,DO01,República Dominicana,Dominican Republic,DO,2017-09-06,2020-01-21,
Villa Riva,,DO01010501,Villa Riva,,,,,Municipio Villa Riva,,DO010105,Provincia Duarte,,DO0101,Región Cibao Nordeste,,DO01,República Dominicana,Dominican Republic,DO,2017-09-06,2020-01-21,
Agua Santa del Yuna (D.M.),,DO01010502,Agua Santa del Yuna (D.M.),,,,,Municipio Villa Riva,,DO010105,Provincia Duarte,,DO0101,Región Cibao Nordeste,,DO01,República Dominicana,Dominican Republic,DO,2017-09-06,2020-01-21,
Cristo Rey de Guaraguao (D.M.),,DO01010503,Cristo Rey de Guaraguao (D.M.),,,,,Municipio Villa Riva,,DO010105,Provincia Duarte,,DO0101,Región Cibao Nordeste,,DO01,República Dominicana,Dominican Republic,DO,2017-09-06,2020-01-21,
Las Taranas (D.M.),,DO01010504,Las Taranas (D.M.),,,,,Municipio Villa Riva,,DO010105,Provincia Duarte,,DO0101,Región Cibao Nordeste,,DO01,República Dominicana,Dominican Republic,DO,2017-09-06,2020-01-21,
Barraquito (D.M.),,DO01010505,Barraquito (D.M.),,,,,Municipio Villa Riva,,DO010105,Provincia Duarte,,DO0101,Región Cibao Nordeste,,DO01,República Dominicana,Dominican Republic,DO,2017-09-06,2020-01-21,
Las Guáranas,,DO01010601,Las Guaranas,,,,,Municipio Las Guáranas,,DO010106,Provincia Duarte,,DO0101,Región Cibao Nordeste,,DO01,República Dominicana,Dominican Republic,DO,2017-09-06,2020-01-21,
Eugenio María de Hostos,,DO01010701,Eugenio Maria de Hostos,,,,,Municipio Eugenio María de Hostos,,DO010107,Provincia Duarte,,DO0101,Región Cibao Nordeste,,DO01,República Dominicana,Dominican Republic,DO,2017-09-06,2020-01-21,
Sabana Grande (D.M.),,DO01010702,Sabana Grande (D.M.),,,,,Municipio Eugenio María de Hostos,,DO010107,Provincia Duarte,,DO0101,Región Cibao Nordeste,,DO01,República Dominicana,Dominican Republic,DO,2017-09-06,2020-01-21,
Salcedo,,DO01020101,Salcedo,,,,,Municipio Salcedo,,DO010201,Provincia Hermanas Mirabal,,DO0102,Región Cibao Nordeste,,DO01,República Dominicana,Dominican Republic,DO,2017-09-06,2020-01-21,
Jamao Afuera (D.M.),,DO01020102,Jamao Afuera (D.M.),,,,,Municipio Salcedo,,DO010201,Provincia Hermanas Mirabal,,DO0102,Región Cibao Nordeste,,DO01,República Dominicana,Dominican Republic,DO,2017-09-06,2020-01-21,
Tenares,,DO01020201,Tenares,,,,,Municipio Tenares,,DO010202,Provincia Hermanas Mirabal,,DO0102,Región Cibao Nordeste,,DO01,República Dominicana,Dominican Republic,DO,2017-09-06,2020-01-21,
Blanco (D.M.),,DO01020202,Blanco (D.M.),,,,,Municipio Tenares,,DO010202,Provincia Hermanas Mirabal,,DO0102,Región Cibao Nordeste,,DO01,República Dominicana,Dominican Republic,DO,2017-09-06,2020-01-21,
Villa Tapia,,DO01020301,Villa Tapia,,,,,Municipio Villa Tapia,,DO010203,Provincia Hermanas Mirabal,,DO0102,Región Cibao Nordeste,,DO01,República Dominicana,Dominican Republic,DO,2017-09-06,2020-01-21,
Nagua,,DO01030101,Nagua,,,,,Municipio Nagua,,DO010301,Provincia María Trinidad Sánchez,,DO0103,Región Cibao Nordeste,,DO01,República Dominicana,Dominican Republic,DO,2017-09-06,2020-01-21,
San José de Matanzas (D.M.),,DO01030102,San Jose de Matanzas (D.M.),,,,,Municipio Nagua,,DO010301,Provincia María Trinidad Sánchez,,DO0103,Región Cibao Nordeste,,DO01,República Dominicana,Dominican Republic,DO,2017-09-06,2020-01-21,
Las Gordas (D.M.),,DO01030103,Las Gordas (D.M.),,,,,Municipio Nagua,,DO010301,Provincia María Trinidad Sánchez,,DO0103,Región Cibao Nordeste,,DO01,República Dominicana,Dominican Republic,DO,2017-09-06,2020-01-21,
Arroyo al Medio (D.M.),,DO01030104,Arroyo al Medio (D.M.),,,,,Municipio Nagua,,DO010301,Provincia María Trinidad Sánchez,,DO0103,Región Cibao Nordeste,,DO01,República Dominicana,Dominican Republic,DO,2017-09-06,2020-01-21,
Cabrera,,DO01030201,Cabrera,,,,,Municipio Cabrera,,DO010302,Provincia María Trinidad Sánchez,,DO0103,Región Cibao Nordeste,,DO01,República Dominicana,Dominican Republic,DO,2017-09-06,2020-01-21,
Arroyo Salado (D.M.),,DO01030202,Arroyo Salado (D.M.),,,,,Municipio Cabrera,,DO010302,Provincia María Trinidad Sánchez,,DO0103,Región Cibao Nordeste,,DO01,República Dominicana,Dominican Republic,DO,2017-09-06,2020-01-21,
La Entrada (D.M.),,DO01030203,La Entrada (D.M.),,,,,Municipio Cabrera,,DO010302,Provincia María Trinidad Sánchez,,DO0103,Región Cibao Nordeste,,DO01,República Dominicana,Dominican Republic,DO,2017-09-06,2020-01-21,
El Factor,,DO01030301,El Factor,,,,,Municipio El Factor,,DO010303,Provincia María Trinidad Sánchez,,DO0103,Región Cibao Nordeste,,DO01,República Dominicana,Dominican Republic,DO,2017-09-06,2020-01-21,
El Pozo (D.M.),,DO01030302,El Pozo (D.M.),,,,,Municipio El Factor,,DO010303,Provincia María Trinidad Sánchez,,DO0103,Región Cibao Nordeste,,DO01,República Dominicana,Dominican Republic,DO,2017-09-06,2020-01-21,
Río San Juan,,DO01030401,Rio San Juan,,,,,Municipio Río San Juan,,DO010304,Provincia María Trinidad Sánchez,,DO0103,Región Cibao Nordeste,,DO01,República Dominicana,Dominican Republic,DO,2017-09-06,2020-01-21,
Samaná,,DO01040101,Samana,,,,,Municipio Samaná,,DO010401,Provincia Samaná,,DO0104,Región Cibao Nordeste,,DO01,República Dominicana,Dominican Republic,DO,2017-09-06,2020-01-21,
El Limón (D.M.),,DO01040102,El Limon (D.M.),,,,,Municipio Samaná,,DO010401,Provincia Samaná,,DO0104,Región Cibao Nordeste,,DO01,República Dominicana,Dominican Republic,DO,2017-09-06,2020-01-21,
Arroyo Barril (D.M.),,DO01040103,Arroyo Barril (D.M.),,,,,Municipio Samaná,,DO010401,Provincia Samaná,,DO0104,Región Cibao Nordeste,,DO01,República Dominicana,Dominican Republic,DO,2017-09-06,2020-01-21,
Las Galeras (D.M.),,DO01040104,Las Galeras (D.M.),,,,,Municipio Samaná,,DO010401,Provincia Samaná,,DO0104,Región Cibao Nordeste,,DO01,República Dominicana,Dominican Republic,DO,2017-09-06,2020-01-21,
Sánchez,,DO01040201,Sanchez,,,,,Municipio Sánchez,,DO010402,Provincia Samaná,,DO0104,Región Cibao Nordeste,,DO01,República Dominicana,Dominican Republic,DO,2017-09-06,2020-01-21,
Las Terrenas,,DO01040301,Las Terrenas,,,,,Municipio Las Terrenas,,DO010403,Provincia Samaná,,DO0104,Región Cibao Nordeste,,DO01,República Dominicana,Dominican Republic,DO,2017-09-06,2020-01-21,
Dajabón,,DO02010101,Dajabon,,,,,Municipio Dajabón,,DO020101,Provincia Dajabón,,DO0201,Región Cibao Noroeste,,DO02,República Dominicana,Dominican Republic,DO,2017-09-06,2020-01-21,
Cañongo (D.M.),,DO02010102,Canongo (D.M.),,,,,Municipio Dajabón,,DO020101,Provincia Dajabón,,DO0201,Región Cibao Noroeste,,DO02,República Dominicana,Dominican Republic,DO,2017-09-06,2020-01-21,
Loma de Cabrera,,DO02010201,Loma de Cabrera,,,,,Municipio Loma de Cabrera,,DO020102,Provincia Dajabón,,DO0201,Región Cibao Noroeste,,DO02,República Dominicana,Dominican Republic,DO,2017-09-06,2020-01-21,
Capotillo (D.M.),,DO02010202,Capotillo (D.M.),,,,,Municipio Loma de Cabrera,,DO020102,Provincia Dajabón,,DO0201,Región Cibao Noroeste,,DO02,República Dominicana,Dominican Republic,DO,2017-09-06,2020-01-21,
Santiago de la Cruz (D.M.),,DO02010203,Santiago de la Cruz (D.M.),,,,,Municipio Loma de Cabrera,,DO020102,Provincia Dajabón,,DO0201,Región Cibao Noroeste,,DO02,República Dominicana,Dominican Republic,DO,2017-09-06,2020-01-21,
Partido,,DO02010301,Partido,,,,,Municipio Partido,,DO020103,Provincia Dajabón,,DO0201,Región Cibao Noroeste,,DO02,República Dominicana,Dominican Republic,DO,2017-09-06,2020-01-21,
Restauración,,DO02010401,Restauracion,,,,,Municipio Restauración,,DO020104,Provincia Dajabón,,DO0201,Región Cibao Noroeste,,DO02,República Dominicana,Dominican Republic,DO,2017-09-06,2020-01-21,
El Pino,,DO02010501,El Pino,,,,,Municipio El Pino,,DO020105,Provincia Dajabón,,DO0201,Región Cibao Noroeste,,DO02,República Dominicana,Dominican Republic,DO,2017-09-06,2020-01-21,
Manuel Bueno (D.M.),,DO02010502,Manuel Bueno (D.M.),,,,,Municipio El Pino,,DO020105,Provincia Dajabón,,DO0201,Región Cibao Noroeste,,DO02,República Dominicana,Dominican Republic,DO,2017-09-06,2020-01-21,
Monte Cristi,,DO02020101,Monte Cristi,,,,,Municipio Monte Cristi,,DO020201,Provincia Monte Cristi,,DO0202,Región Cibao Noroeste,,DO02,República Dominicana,Dominican Republic,DO,2017-09-06,2020-01-21,
Castañuelas,,DO02020201,Castanuelas,,,,,Municipio Castañuelas,,DO020202,Provincia Monte Cristi,,DO0202,Región Cibao Noroeste,,DO02,República Dominicana,Dominican Republic,DO,2017-09-06,2020-01-21,
Palo Verde (D.M.),,DO02020202,Palo Verde (D.M.),,,,,Municipio Castañuelas,,DO020202,Provincia Monte Cristi,,DO0202,Región Cibao Noroeste,,DO02,República Dominicana,Dominican Republic,DO,2017-09-06,2020-01-21,
Guayubín,,DO02020301,Guayubin,,,,,Municipio Guayubín,,DO020203,Provincia Monte Cristi,,DO0202,Región Cibao Noroeste,,DO02,República Dominicana,Dominican Republic,DO,2017-09-06,2020-01-21,
Villa Elisa (D.M.),,DO02020302,Villa Elisa (D.M.),,,,,Municipio Guayubín,,DO020203,Provincia Monte Cristi,,DO0202,Región Cibao Noroeste,,DO02,República Dominicana,Dominican Republic,DO,2017-09-06,2020-01-21,
Hatillo Palma (D.M.),,DO02020303,Hatillo Palma (D.M.),,,,,Municipio Guayubín,,DO020203,Provincia Monte Cristi,,DO0202,Región Cibao Noroeste,,DO02,República Dominicana,Dominican Republic,DO,2017-09-06,2020-01-21,
Cana Chapetón (D.M.),,DO02020304,Cana Chapeton (D.M.),,,,,Municipio Guayubín,,DO020203,Provincia Monte Cristi,,DO0202,Región Cibao Noroeste,,DO02,República Dominicana,Dominican Republic,DO,2017-09-06,2020-01-21,
Las Matas de Santa Cruz,,DO02020401,Las Matas de Santa Cruz,,,,,Municipio Las Matas de Santa Cruz,,DO020204,Provincia Monte Cristi,,DO0202,Región Cibao Noroeste,,DO02,República Dominicana,Dominican Republic,DO,2017-09-06,2020-01-21,
Pepillo Salcedo (Manzanillo),,DO02020501,Pepillo Salcedo (Manzanillo),,,,,Municipio Pepillo Salcedo,,DO020205,Provincia Monte Cristi,,DO0202,Región Cibao Noroeste,,DO02,República Dominicana,Dominican Republic,DO,2017-09-06,2020-01-21,
Villa Vásquez,,DO02020601,Villa Vasquez,,,,,Municipio Villa Vásquez,,DO020206,Provincia Monte Cristi,,DO0202,Región Cibao Noroeste,,DO02,República Dominicana,Dominican Republic,DO,2017-09-06,2020-01-21,
San Ignacio de Sabaneta,,DO02030101,San Ignacio de Sabaneta,,,,,Municipio San Ignacio de Sabaneta,,DO020301,Provincia Santiago Rodríguez,,DO0203,Región Cibao Noroeste,,DO02,República Dominicana,Dominican Republic,DO,2017-09-06,2020-01-21,
Villa Los Almácigos,,DO02030201,Villa Los Almacigos,,,,,Municipio Villa Los Almácigos,,DO020302,Provincia Santiago Rodríguez,,DO0203,Región Cibao Noroeste,,DO02,República Dominicana,Dominican Republic,DO,2017-09-06,2020-01-21,
Monción,,DO02030301,Moncion,,,,,Municipio Monción,,DO020303,Provincia Santiago Rodríguez,,DO0203,Región Cibao Noroeste,,DO02,República Dominicana,Dominican Republic,DO,2017-09-06,2020-01-21,
Mao,,DO02040101,Mao,,,,,Municipio Mao,,DO020401,Provincia Valverde,,DO0204,Región Cibao Noroeste,,DO02,República Dominicana,Dominican Republic,DO,2017-09-06,2020-01-21,
Amina (D.M.),,DO02040102,Amina (D.M.),,,,,Municipio Mao,,DO020401,Provincia Valverde,,DO0204,Región Cibao Noroeste,,DO02,República Dominicana,Dominican Republic,DO,2017-09-06,2020-01-21,
Jaibón (Pueblo Nuevo) (D.M.),,DO02040103,Jaibon (Pueblo Nuevo) (D.M.),,,,,Municipio Mao,,DO020401,Provincia Valverde,,DO0204,Región Cibao Noroeste,,DO02,República Dominicana,Dominican Republic,DO,2017-09-06,2020-01-21,
Guatapanal (D.M.),,DO02040104,Guatapanal (D.M.),,,,,Municipio Mao,,DO020401,Provincia Valverde,,DO0204,Región Cibao Noroeste,,DO02,República Dominicana,Dominican Republic,DO,2017-09-06,2020-01-21,
Esperanza,,DO02040201,Esperanza,,,,,Municipio Esperanza,,DO020402,Provincia Valverde,,DO0204,Región Cibao Noroeste,,DO02,República Dominicana,Dominican Republic,DO,2017-09-06,2020-01-21,
Maizal (D.M.),,DO02040202,Maizal (D.M.),,,,,Municipio Esperanza,,DO020402,Provincia Valverde,,DO0204,Región Cibao Noroeste,,DO02,República Dominicana,Dominican Republic,DO,2017-09-06,2020-01-21,
Jicomé (D.M.),,DO02040203,Jicome (D.M.),,,,,Municipio Esperanza,,DO020402,Provincia Valverde,,DO0204,Región Cibao Noroeste,,DO02,República Dominicana,Dominican Republic,DO,2017-09-06,2020-01-21,
Boca de Mao (D.M.),,DO02040204,Boca de Mao (D.M.),,,,,Municipio Esperanza,,DO020402,Provincia Valverde,,DO0204,Región Cibao Noroeste,,DO02,República Dominicana,Dominican Republic,DO,2017-09-06,2020-01-21,
Paradero (D.M.),,DO02040205,Paradero (D.M.),,,,,Municipio Esperanza,,DO020402,Provincia Valverde,,DO0204,Región Cibao Noroeste,,DO02,República Dominicana,Dominican Republic,DO,2017-09-06,2020-01-21,
Laguna Salada,,DO02040301,Laguna Salada,,,,,Municipio Laguna Salada,,DO020403,Provincia Valverde,,DO0204,Región Cibao Noroeste,,DO02,República Dominicana,Dominican Republic,DO,2017-09-06,2020-01-21,
Jaibón (D.M.),,DO02040302,Jaibon (D.M.),,,,,Municipio Laguna Salada,,DO020403,Provincia Valverde,,DO0204,Región Cibao Noroeste,,DO02,República Dominicana,Dominican Republic,DO,2017-09-06,2020-01-21,
La Caya (D.M.),,DO02040303,La Caya (D.M.),,,,,Municipio Laguna Salada,,DO020403,Provincia Valverde,,DO0204,Región Cibao Noroeste,,DO02,República Dominicana,Dominican Republic,DO,2017-09-06,2020-01-21,
Cruce de Guayacanes (D.M.),,DO02040304,Cruce de Guayacanes (D.M.),,,,,Municipio Laguna Salada,,DO020403,Provincia Valverde,,DO0204,Región Cibao Noroeste,,DO02,República Dominicana,Dominican Republic,DO,2017-09-06,2020-01-21,
Moca,,DO03010101,Moca,,,,,Municipio Moca,,DO030101,Provincia Espaillat,,DO0301,Región Cibao Norte,,DO03,República Dominicana,Dominican Republic,DO,2017-09-06,2020-01-21,
José Contreras (D.M.),,DO03010102,Jose Contreras (D.M.),,,,,Municipio Moca,,DO030101,Provincia Espaillat,,DO0301,Región Cibao Norte,,DO03,República Dominicana,Dominican Republic,DO,2017-09-06,2020-01-21,
San Víctor (D.M.),,DO03010103,San Victor (D.M.),,,,,Municipio Moca,,DO030101,Provincia Espaillat,,DO0301,Región Cibao Norte,,DO03,República Dominicana,Dominican Republic,DO,2017-09-06,2020-01-21,
Juan López (D.M.),,DO03010104,Juan Lopez (D.M.),,,,,Municipio Moca,,DO030101,Provincia Espaillat,,DO0301,Región Cibao Norte,,DO03,República Dominicana,Dominican Republic,DO,2017-09-06,2020-01-21,
Las Lagunas (D.M.),,DO03010105,Las Lagunas (D.M.),,,,,Municipio Moca,,DO030101,Provincia Espaillat,,DO0301,Región Cibao Norte,,DO03,República Dominicana,Dominican Republic,DO,2017-09-06,2020-01-21,
Canca la Reyna (D.M.),,DO03010106,Canca la Reyna (D.M.),,,,,Municipio Moca,,DO030101,Provincia Espaillat,,DO0301,Región Cibao Norte,,DO03,República Dominicana,Dominican Republic,DO,2017-09-06,2020-01-21,
El Higüerito (D.M.),,DO03010107,El Higuerito (D.M.),,,,,Municipio Moca,,DO030101,Provincia Espaillat,,DO0301,Región Cibao Norte,,DO03,República Dominicana,Dominican Republic,DO,2017-09-06,2020-01-21,
Monte de la Jagua (D.M.),,DO03010108,Monte de la Jagua (D.M.),,,,,Municipio Moca,,DO030101,Provincia Espaillat,,DO0301,Región Cibao Norte,,DO03,República Dominicana,Dominican Republic,DO,2017-09-06,2020-01-21,
La Ortega (D.M.),,DO03010109,La Ortega (D.M.),,,,,Municipio Moca,,DO030101,Provincia Espaillat,,DO0301,Región Cibao Norte,,DO03,República Dominicana,Dominican Republic,DO,2017-09-06,2020-01-21,
Cayetano Germosén,,DO03010201,Cayetano Germosen,,,,,Municipio Cayetano Germosén,,DO030102,Provincia Espaillat,,DO0301,Región Cibao Norte,,DO03,República Dominicana,Dominican Republic,DO,2017-09-06,2020-01-21,
Gaspar Hernández,,DO03010301,Gaspar Hernandez,,,,,Municipio Gaspar Hernández,,DO030103,Provincia Espaillat,,DO0301,Región Cibao Norte,,DO03,República Dominicana,Dominican Republic,DO,2017-09-06,2020-01-21,
Joba Arriba (D.M.),,DO03010302,Joba Arriba (D.M.),,,,,Municipio Gaspar Hernández,,DO030103,Provincia Espaillat,,DO0301,Región Cibao Norte,,DO03,República Dominicana,Dominican Republic,DO,2017-09-06,2020-01-21,
Veragua (D.M.),,DO03010303,Veragua (D.M.),,,,,Municipio Gaspar Hernández,,DO030103,Provincia Espaillat,,DO0301,Región Cibao Norte,,DO03,República Dominicana,Dominican Republic,DO,2017-09-06,2020-01-21,
Villa Magante (D.M.),,DO03010304,Villa Magante (D.M.),,,,,Municipio Gaspar Hernández,,DO030103,Provincia Espaillat,,DO0301,Región Cibao Norte,,DO03,República Dominicana,Dominican Republic,DO,2017-09-06,2020-01-21,
Jamao al Norte,,DO03010401,Jamao al Norte,,,,,Municipio Jamao al Norte,,DO030104,Provincia Espaillat,,DO0301,Región Cibao Norte,,DO03,República Dominicana,Dominican Republic,DO,2017-09-06,2020-01-21,
Puerto Plata,,DO03020101,Puerto Plata,,,,,Municipio Puerto Plata,,DO030201,Provincia Puerto Plata,,DO0302,Región Cibao Norte,,DO03,República Dominicana,Dominican Republic,DO,2017-09-06,2020-01-21,
Yásica Arriba (D.M.),,DO03020102,Yasica Arriba (D.M.),,,,,Municipio Puerto Plata,,DO030201,Provincia Puerto Plata,,DO0302,Región Cibao Norte,,DO03,República Dominicana,Dominican Republic,DO,2017-09-06,2020-01-21,
Maimón (D.M.),,DO03020103,Maimon (D.M.),,,,,Municipio Puerto Plata,,DO030201,Provincia Puerto Plata,,DO0302,Región Cibao Norte,,DO03,República Dominicana,Dominican Republic,DO,2017-09-06,2020-01-21,
Altamira,,DO03020201,Altamira,,,,,Municipio Altamira,,DO030202,Provincia Puerto Plata,,DO0302,Región Cibao Norte,,DO03,República Dominicana,Dominican Republic,DO,2017-09-06,2020-01-21,
Río Grande (D.M.),,DO03020202,Rio Grande (D.M.),,,,,Municipio Altamira,,DO030202,Provincia Puerto Plata,,DO0302,Región Cibao Norte,,DO03,República Dominicana,Dominican Republic,DO,2017-09-06,2020-01-21,
Guananico,,DO03020301,Guananico,,,,,Municipio Guananico,,DO030203,Provincia Puerto Plata,,DO0302,Región Cibao Norte,,DO03,República Dominicana,Dominican Republic,DO,2017-09-06,2020-01-21,
Imbert,,DO03020401,Imbert,,,,,Municipio Imbert,,DO030204,Provincia Puerto Plata,,DO0302,Región Cibao Norte,,DO03,República Dominicana,Dominican Republic,DO,2017-09-06,2020-01-21,
Los Hidalgos,,DO03020501,Los Hidalgos,,,,,Municipio Los Hidalgos,,DO030205,Provincia Puerto Plata,,DO0302,Región Cibao Norte,,DO03,República Dominicana,Dominican Republic,DO,2017-09-06,2020-01-21,
Navas (D.M.),,DO03020502,Navas (D.M.),,,,,Municipio Los Hidalgos,,DO030205,Provincia Puerto Plata,,DO0302,Región Cibao Norte,,DO03,República Dominicana,Dominican Republic,DO,2017-09-06,2020-01-21,
Luperón,,DO03020601,Luperon,,,,,Municipio Luperón,,DO030206,Provincia Puerto Plata,,DO0302,Región Cibao Norte,,DO03,República Dominicana,Dominican Republic,DO,2017-09-06,2020-01-21,
La Isabela (D.M.),,DO03020602,La Isabela (D.M.),,,,,Municipio Luperón,,DO030206,Provincia Puerto Plata,,DO0302,Región Cibao Norte,,DO03,República Dominicana,Dominican Republic,DO,2017-09-06,2020-01-21,
Belloso (D.M.),,DO03020603,Belloso (D.M.),,,,,Municipio Luperón,,DO030206,Provincia Puerto Plata,,DO0302,Región Cibao Norte,,DO03,República Dominicana,Dominican Republic,DO,2017-09-06,2020-01-21,
El Estrecho de Luperón Omar Bross (D.M.),,DO03020604,El Estrecho de Luperon Omar Bross (D.M.),,,,,Municipio Luperón,,DO030206,Provincia Puerto Plata,,DO0302,Región Cibao Norte,,DO03,República Dominicana,Dominican Republic,DO,2017-09-06,2020-01-21,
Sosúa,,DO03020701,Sosua,,,,,Municipio Sosúa,,DO030207,Provincia Puerto Plata,,DO0302,Región Cibao Norte,,DO03,República Dominicana,Dominican Republic,DO,2017-09-06,2020-01-21,
Cabarete (D.M.),,DO03020702,Cabarete (D.M.),,,,,Municipio Sosúa,,DO030207,Provincia Puerto Plata,,DO0302,Región Cibao Norte,,DO03,República Dominicana,Dominican Republic,DO,2017-09-06,2020-01-21,
Sabaneta de Yásica (D.M.),,DO03020703,Sabaneta de Yasica (D.M.),,,,,Municipio Sosúa,,DO030207,Provincia Puerto Plata,,DO0302,Región Cibao Norte,,DO03,República Dominicana,Dominican Republic,DO,2017-09-06,2020-01-21,
Villa Isabela,,DO03020801,Villa Isabela,,,,,Municipio Villa Isabela,,DO030208,Provincia Puerto Plata,,DO0302,Región Cibao Norte,,DO03,República Dominicana,Dominican Republic,DO,2017-09-06,2020-01-21,
Estero Hondo (D.M.),,DO03020802,Estero Hondo (D.M.),,,,,Municipio Villa Isabela,,DO030208,Provincia Puerto Plata,,DO0302,Región Cibao Norte,,DO03,República Dominicana,Dominican Republic,DO,2017-09-06,2020-01-21,
La Jaiba (D.M.),,DO03020803,La Jaiba (D.M.),,,,,Municipio Villa Isabela,,DO030208,Provincia Puerto Plata,,DO0302,Región Cibao Norte,,DO03,República Dominicana,Dominican Republic,DO,2017-09-06,2020-01-21,
Gualete (D.M.),,DO03020804,Gualete (D.M.),,,,,Municipio Villa Isabela,,DO030208,Provincia Puerto Plata,,DO0302,Región Cibao Norte,,DO03,República Dominicana,Dominican Republic,DO,2017-09-06,2020-01-21,
Villa Montellano,,DO03020901,Villa Montellano,,,,,Municipio Villa Montellano,,DO030209,Provincia Puerto Plata,,DO0302,Región Cibao Norte,,DO03,República Dominicana,Dominican Republic,DO,2017-09-06,2020-01-21,
Santiago,,DO03030101,Santiago,,,,,Municipio Santiago,,DO030301,Provincia Santiago,,DO0303,Región Cibao Norte,,DO03,República Dominicana,Dominican Republic,DO,2017-09-06,2020-01-21,
Pedro García (D.M.),,DO03030102,Pedro Garcia (D.M.),,,,,Municipio Santiago,,DO030301,Provincia Santiago,,DO0303,Región Cibao Norte,,DO03,República Dominicana,Dominican Republic,DO,2017-09-06,2020-01-21,
Baitoa (D.M.),,DO03030103,Baitoa (D.M.),,,,,Municipio Santiago,,DO030301,Provincia Santiago,,DO0303,Región Cibao Norte,,DO03,República Dominicana,Dominican Republic,DO,2017-09-06,2020-01-21,
La Canela (D.M.),,DO03030104,La Canela (D.M.),,,,,Municipio Santiago,,DO030301,Provincia Santiago,,DO0303,Región Cibao Norte,,DO03,República Dominicana,Dominican Republic,DO,2017-09-06,2020-01-21,
San Francisco de Jacagua (D.M.),,DO03030105,San Francisco de Jacagua (D.M.),,,,,Municipio Santiago,,DO030301,Provincia Santiago,,DO0303,Región Cibao Norte,,DO03,República Dominicana,Dominican Republic,DO,2017-09-06,2020-01-21,
Hato del Yaque (D.M.),,DO03030106,Hato del Yaque (D.M.),,,,,Municipio Santiago,,DO030301,Provincia Santiago,,DO0303,Región Cibao Norte,,DO03,República Dominicana,Dominican Republic,DO,2017-09-06,2020-01-21,
Bisonó,,DO03030201,Bisono,,,,,Municipio Bisonó,,DO030302,Provincia Santiago,,DO0303,Región Cibao Norte,,DO03,República Dominicana,Dominican Republic,DO,2017-09-06,2020-01-21,
Jánico,,DO03030301,Janico,,,,,Municipio Jánico,,DO030303,Provincia Santiago,,DO0303,Región Cibao Norte,,DO03,República Dominicana,Dominican Republic,DO,2017-09-06,2020-01-21,
Juncalito (D.M.),,DO03030302,Juncalito (D.M.),,,,,Municipio Jánico,,DO030303,Provincia Santiago,,DO0303,Región Cibao Norte,,DO03,República Dominicana,Dominican Republic,DO,2017-09-06,2020-01-21,
El Caimito (D.M.),,DO03030303,El Caimito (D.M.),,,,,Municipio Jánico,,DO030303,Provincia Santiago,,DO0303,Región Cibao Norte,,DO03,República Dominicana,Dominican Republic,DO,2017-09-06,2020-01-21,
Licey al Medio,,DO03030401,Licey al Medio,,,,,Municipio Licey al Medio,,DO030304,Provincia Santiago,,DO0303,Región Cibao Norte,,DO03,República Dominicana,Dominican Republic,DO,2017-09-06,2020-01-21,
Las Palomas (D.M.),,DO03030402,Las Palomas (D.M.),,,,,Municipio Licey al Medio,,DO030304,Provincia Santiago,,DO0303,Región Cibao Norte,,DO03,República Dominicana,Dominican Republic,DO,2017-09-06,2020-01-21,
San José de las Matas,,DO03030501,San Jose de las Matas,,,,,Municipio San José de las Matas,,DO030305,Provincia Santiago,,DO0303,Región Cibao Norte,,DO03,República Dominicana,Dominican Republic,DO,2017-09-06,2020-01-21,
El Rubio (D.M.),,DO03030502,El Rubio (D.M.),,,,,Municipio San José de las Matas,,DO030305,Provincia Santiago,,DO0303,Región Cibao Norte,,DO03,República Dominicana,Dominican Republic,DO,2017-09-06,2020-01-21,
La Cuesta (D.M.),,DO03030503,La Cuesta (D.M.),,,,,Municipio San José de las Matas,,DO030305,Provincia Santiago,,DO0303,Región Cibao Norte,,DO03,República Dominicana,Dominican Republic,DO,2017-09-06,2020-01-21,
Las Placetas (D.M.),,DO03030504,Las Placetas (D.M.),,,,,Municipio San José de las Matas,,DO030305,Provincia Santiago,,DO0303,Región Cibao Norte,,DO03,República Dominicana,Dominican Republic,DO,2017-09-06,2020-01-21,
Tamboril,,DO03030601,Tamboril,,,,,Municipio Tamboril,,DO030306,Provincia Santiago,,DO0303,Región Cibao Norte,,DO03,República Dominicana,Dominican Republic,DO,2017-09-06,2020-01-21,
Canca La Piedra (D.M.),,DO03030602,Canca La Piedra (D.M.),,,,,Municipio Tamboril,,DO030306,Provincia Santiago,,DO0303,Región Cibao Norte,,DO03,República Dominicana,Dominican Republic,DO,2017-09-06,2020-01-21,
Villa González,,DO03030701,Villa Gonzalez,,,,,Municipio Villa González,,DO030307,Provincia Santiago,,DO0303,Región Cibao Norte,,DO03,República Dominicana,Dominican Republic,DO,2017-09-06,2020-01-21,
Palmar Arriba (D.M.),,DO03030702,Palmar Arriba (D.M.),,,,,Municipio Villa González,,DO030307,Provincia Santiago,,DO0303,Región Cibao Norte,,DO03,República Dominicana,Dominican Republic,DO,2017-09-06,2020-01-21,
El Limón (D.M.),,DO03030703,El Limon (D.M.),,,,,Municipio Villa González,,DO030307,Provincia Santiago,,DO0303,Región Cibao Norte,,DO03,República Dominicana,Dominican Republic,DO,2017-09-06,2020-01-21,
Puñal,,DO03030801,Punal,,,,,Municipio Puñal,,DO030308,Provincia Santiago,,DO0303,Región Cibao Norte,,DO03,República Dominicana,Dominican Republic,DO,2017-09-06,2020-01-21,
Guayabal (D.M.),,DO03030802,Guayabal (D.M.),,,,,Municipio Puñal,,DO030308,Provincia Santiago,,DO0303,Región Cibao Norte,,DO03,República Dominicana,Dominican Republic,DO,2017-09-06,2020-01-21,
Canabacoa (D.M.),,DO03030803,Canabacoa (D.M.),,,,,Municipio Puñal,,DO030308,Provincia Santiago,,DO0303,Región Cibao Norte,,DO03,República Dominicana,Dominican Republic,DO,2017-09-06,2020-01-21,
Sabana Iglesia,,DO03030901,Sabana Iglesia,,,,,Municipio Sabana Iglesia,,DO030309,Provincia Santiago,,DO0303,Región Cibao Norte,,DO03,República Dominicana,Dominican Republic,DO,2017-09-06,2020-01-21,
La Vega,,DO04010101,La Vega,,,,,Municipio La Vega,,DO040101,Provincia La Vega,,DO0401,Región Cibao Sur,,DO04,República Dominicana,Dominican Republic,DO,2017-09-06,2020-01-21,
Río Verde Arriba (D.M.),,DO04010102,Rio Verde Arriba (D.M.),,,,,Municipio La Vega,,DO040101,Provincia La Vega,,DO0401,Región Cibao Sur,,DO04,República Dominicana,Dominican Republic,DO,2017-09-06,2020-01-21,
El Ranchito (D.M.),,DO04010103,El Ranchito (D.M.),,,,,Municipio La Vega,,DO040101,Provincia La Vega,,DO0401,Región Cibao Sur,,DO04,República Dominicana,Dominican Republic,DO,2017-09-06,2020-01-21,
Tavera (D.M.),,DO04010104,Tavera (D.M.),,,,,Municipio La Vega,,DO040101,Provincia La Vega,,DO0401,Región Cibao Sur,,DO04,República Dominicana,Dominican Republic,DO,2017-09-06,2020-01-21,
Constanza,,DO04010201,Constanza,,,,,Municipio Constanza,,DO040102,Provincia La Vega,,DO0401,Región Cibao Sur,,DO04,República Dominicana,Dominican Republic,DO,2017-09-06,2020-01-21,
Tireo (D.M.),,DO04010202,Tireo (D.M.),,,,,Municipio Constanza,,DO040102,Provincia La Vega,,DO0401,Región Cibao Sur,,DO04,República Dominicana,Dominican Republic,DO,2017-09-06,2020-01-21,
La Sabina (D.M.),,DO04010203,La Sabina (D.M.),,,,,Municipio Constanza,,DO040102,Provincia La Vega,,DO0401,Región Cibao Sur,,DO04,República Dominicana,Dominican Republic,DO,2017-09-06,2020-01-21,
Jarabacoa,,DO04010301,Jarabacoa,,,,,Municipio Jarabacoa,,DO040103,Provincia La Vega,,DO0401,Región Cibao Sur,,DO04,República Dominicana,Dominican Republic,DO,2017-09-06,2020-01-21,
Buena Vista (D.M.),,DO04010302,Buena Vista (D.M.),,,,,Municipio Jarabacoa,,DO040103,Provincia La Vega,,DO0401,Región Cibao Sur,,DO04,República Dominicana,Dominican Republic,DO,2017-09-06,2020-01-21,
Manabao (D.M.),,DO04010303,Manabao (D.M.),,,,,Municipio Jarabacoa,,DO040103,Provincia La Vega,,DO0401,Región Cibao Sur,,DO04,República Dominicana,Dominican Republic,DO,2017-09-06,2020-01-21,
Jima Abajo,,DO04010401,Jima Abajo,,,,,Municipio Jima Abajo,,DO040104,Provincia La Vega,,DO0401,Región Cibao Sur,,DO04,República Dominicana,Dominican Republic,DO,2017-09-06,2020-01-21,
Rincón (D.M.),,DO04010402,Rincon (D.M.),,,,,Municipio Jima Abajo,,DO040104,Provincia La Vega,,DO0401,Región Cibao Sur,,DO04,República Dominicana,Dominican Republic,DO,2017-09-06,2020-01-21,
Bonao,,DO04020101,Bonao,,,,,Municipio Bonao,,DO040201,Provincia Monseñor Nouel,,DO0402,Región Cibao Sur,,DO04,República Dominicana,Dominican Republic,DO,2017-09-06,2020-01-21,
Sabana del Puerto (D.M.),,DO04020102,Sabana del Puerto (D.M.),,,,,Municipio Bonao,,DO040201,Provincia Monseñor Nouel,,DO0402,Región Cibao Sur,,DO04,República Dominicana,Dominican Republic,DO,2017-09-06,2020-01-21,
Juma Bejucal (D.M.),,DO04020103,Juma Bejucal (D.M.),,,,,Municipio Bonao,,DO040201,Provincia Monseñor Nouel,,DO0402,Región Cibao Sur,,DO04,República Dominicana,Dominican Republic,DO,2017-09-06,2020-01-21,
Arroyo Toro - Masipedro (D.M.),,DO04020104,Arroyo Toro - Masipedro (D.M.),,,,,Municipio Bonao,,DO040201,Provincia Monseñor Nouel,,DO0402,Región Cibao Sur,,DO04,República Dominicana,Dominican Republic,DO,2017-09-06,2020-01-21,
Jayaco (D.M.),,DO04020105,Jayaco (D.M.),,,,,Municipio Bonao,,DO040201,Provincia Monseñor Nouel,,DO0402,Región Cibao Sur,,DO04,República Dominicana,Dominican Republic,DO,2017-09-06,2020-01-21,
La Salvia - Los Quemados (D.M.),,DO04020106,La Salvia - Los Quemados (D.M.),,,,,Municipio Bonao,,DO040201,Provincia Monseñor Nouel,,DO0402,Región Cibao Sur,,DO04,República Dominicana,Dominican Republic,DO,2017-09-06,2020-01-21,
Maimón,,DO04020201,Maimon,,,,,Municipio Maimón,,DO040202,Provincia Monseñor Nouel,,DO0402,Región Cibao Sur,,DO04,República Dominicana,Dominican Republic,DO,2017-09-06,2020-01-21,
Piedra Blanca,,DO04020301,Piedra Blanca,,,,,Municipio Piedra Blanca,,DO040203,Provincia Monseñor Nouel,,DO0402,Región Cibao Sur,,DO04,República Dominicana,Dominican Republic,DO,2017-09-06,2020-01-21,
Villa de Sonador (D.M.),,DO04020302,Villa de Sonador (D.M.),,,,,Municipio Piedra Blanca,,DO040203,Provincia Monseñor Nouel,,DO0402,Región Cibao Sur,,DO04,República Dominicana,Dominican Republic,DO,2017-09-06,2020-01-21,
Juan Adrián (D.M.),,DO04020303,Juan Adrian (D.M.),,,,,Municipio Piedra Blanca,,DO040203,Provincia Monseñor Nouel,,DO0402,Región Cibao Sur,,DO04,República Dominicana,Dominican Republic,DO,2017-09-06,2020-01-21,
Cotuí,,DO04030101,Cotui,,,,,Municipio Cotuí,,DO040301,Provincia Sánchez Ramírez,,DO0403,Región Cibao Sur,,DO04,República Dominicana,Dominican Republic,DO,2017-09-06,2020-01-21,
Quita Sueño (D.M.),,DO04030102,Quita Sueno (D.M.),,,,,Municipio Cotuí,,DO040301,Provincia Sánchez Ramírez,,DO0403,Región Cibao Sur,,DO04,República Dominicana,Dominican Republic,DO,2017-09-06,2020-01-21,
Caballero (D.M.),,DO04030103,Caballero (D.M.),,,,,Municipio Cotuí,,DO040301,Provincia Sánchez Ramírez,,DO0403,Región Cibao Sur,,DO04,República Dominicana,Dominican Republic,DO,2017-09-06,2020-01-21,
Comedero Arriba (D.M.),,DO04030104,Comedero Arriba (D.M.),,,,,Municipio Cotuí,,DO040301,Provincia Sánchez Ramírez,,DO0403,Región Cibao Sur,,DO04,República Dominicana,Dominican Republic,DO,2017-09-06,2020-01-21,
Platanal (D.M.),,DO04030105,Platanal (D.M.),,,,,Municipio Cotuí,,DO040301,Provincia Sánchez Ramírez,,DO0403,Región Cibao Sur,,DO04,República Dominicana,Dominican Republic,DO,2017-09-06,2020-01-21,
Cevicos,,DO04030201,Cevicos,,,,,Municipio Cevicos,,DO040302,Provincia Sánchez Ramírez,,DO0403,Región Cibao Sur,,DO04,República Dominicana,Dominican Republic,DO,2017-09-06,2020-01-21,
La Cueva (D.M.),,DO04030202,La Cueva (D.M.),,,,,Municipio Cevicos,,DO040302,Provincia Sánchez Ramírez,,DO0403,Región Cibao Sur,,DO04,República Dominicana,Dominican Republic,DO,2017-09-06,2020-01-21,
Fantino,,DO04030301,Fantino,,,,,Municipio Fantino,,DO040303,Provincia Sánchez Ramírez,,DO0403,Región Cibao Sur,,DO04,República Dominicana,Dominican Republic,DO,2017-09-06,2020-01-21,
La Mata,,DO04030401,La Mata,,,,,Municipio La Mata,,DO040304,Provincia Sánchez Ramírez,,DO0403,Región Cibao Sur,,DO04,República Dominicana,Dominican Republic,DO,2017-09-06,2020-01-21,
La Bija (D.M.),,DO04030402,La Bija (D.M.),,,,,Municipio La Mata,,DO040304,Provincia Sánchez Ramírez,,DO0403,Región Cibao Sur,,DO04,República Dominicana,Dominican Republic,DO,2017-09-06,2020-01-21,
Angelina (D.M.),,DO04030403,Angelina (D.M.),,,,,Municipio La Mata,,DO040304,Provincia Sánchez Ramírez,,DO0403,Región Cibao Sur,,DO04,República Dominicana,Dominican Republic,DO,2017-09-06,2020-01-21,
Hernando Alonzo (D.M.),,DO04030404,Hernando Alonzo (D.M.),,,,,Municipio La Mata,,DO040304,Provincia Sánchez Ramírez,,DO0403,Región Cibao Sur,,DO04,República Dominicana,Dominican Republic,DO,2017-09-06,2020-01-21,
Comendador,,DO05010101,Comendador,,,,,Municipio Comendador,,DO050101,Provincia Elías Piña,,DO0501,Región El Valle,,DO05,República Dominicana,Dominican Republic,DO,2017-09-06,2020-01-21,
Sabana Larga (D.M.),,DO05010102,Sabana Larga (D.M.),,,,,Municipio Comendador,,DO050101,Provincia Elías Piña,,DO0501,Región El Valle,,DO05,República Dominicana,Dominican Republic,DO,2017-09-06,2020-01-21,
Guayabo (D.M.),,DO05010103,Guayabo (D.M.),,,,,Municipio Comendador,,DO050101,Provincia Elías Piña,,DO0501,Región El Valle,,DO05,República Dominicana,Dominican Republic,DO,2017-09-06,2020-01-21,
Bánica,,DO05010201,Banica,,,,,Municipio Bánica,,DO050102,Provincia Elías Piña,,DO0501,Región El Valle,,DO05,República Dominicana,Dominican Republic,DO,2017-09-06,2020-01-21,
Sabana Cruz (D.M.),,DO05010202,Sabana Cruz (D.M.),,,,,Municipio Bánica,,DO050102,Provincia Elías Piña,,DO0501,Región El Valle,,DO05,República Dominicana,Dominican Republic,DO,2017-09-06,2020-01-21,
Sabana Higüero (D.M.),,DO05010203,Sabana Higuero (D.M.),,,,,Municipio Bánica,,DO050102,Provincia Elías Piña,,DO0501,Región El Valle,,DO05,República Dominicana,Dominican Republic,DO,2017-09-06,2020-01-21,
El Llano,,DO05010301,El Llano,,,,,Municipio El Llano,,DO050103,Provincia Elías Piña,,DO0501,Región El Valle,,DO05,República Dominicana,Dominican Republic,DO,2017-09-06,2020-01-21,
Guanito (D.M.),,DO05010302,Guanito (D.M.),,,,,Municipio El Llano,,DO050103,Provincia Elías Piña,,DO0501,Región El Valle,,DO05,República Dominicana,Dominican Republic,DO,2017-09-06,2020-01-21,
Hondo Valle,,DO05010401,Hondo Valle,,,,,Municipio Hondo Valle,,DO050104,Provincia Elías Piña,,DO0501,Región El Valle,,DO05,República Dominicana,Dominican Republic,DO,2017-09-06,2020-01-21,
Rancho de la Guardia (D.M.),,DO05010402,Rancho de la Guardia (D.M.),,,,,Municipio Hondo Valle,,DO050104,Provincia Elías Piña,,DO0501,Región El Valle,,DO05,República Dominicana,Dominican Republic,DO,2017-09-06,2020-01-21,
Pedro Santana,,DO05010501,Pedro Santana,,,,,Municipio Pedro Santana,,DO050105,Provincia Elías Piña,,DO0501,Región El Valle,,DO05,República Dominicana,Dominican Republic,DO,2017-09-06,2020-01-21,
Río Limpio (D.M.),,DO05010502,Rio Limpio (D.M.),,,,,Municipio Pedro Santana,,DO050105,Provincia Elías Piña,,DO0501,Región El Valle,,DO05,República Dominicana,Dominican Republic,DO,2017-09-06,2020-01-21,
Juan Santiago,,DO05010601,Juan Santiago,,,,,Municipio Juan Santiago,,DO050106,Provincia Elías Piña,,DO0501,Región El Valle,,DO05,República Dominicana,Dominican Republic,DO,2017-09-06,2020-01-21,
San Juan,,DO05020101,San Juan,,,,,Municipio San Juan,,DO050201,Provincia San Juan,,DO0502,Región El Valle,,DO05,República Dominicana,Dominican Republic,DO,2017-09-06,2020-01-21,
Pedro Corto (D.M.),,DO05020102,Pedro Corto (D.M.),,,,,Municipio San Juan,,DO050201,Provincia San Juan,,DO0502,Región El Valle,,DO05,República Dominicana,Dominican Republic,DO,2017-09-06,2020-01-21,
Sabaneta (D.M.),,DO05020103,Sabaneta (D.M.),,,,,Municipio San Juan,,DO050201,Provincia San Juan,,DO0502,Región El Valle,,DO05,República Dominicana,Dominican Republic,DO,2017-09-06,2020-01-21,
Sabana Alta (D.M.),,DO05020104,Sabana Alta (D.M.),,,,,Municipio San Juan,,DO050201,Provincia San Juan,,DO0502,Región El Valle,,DO05,República Dominicana,Dominican Republic,DO,2017-09-06,2020-01-21,
El Rosario (D.M.),,DO05020105,El Rosario (D.M.),,,,,Municipio San Juan,,DO050201,Provincia San Juan,,DO0502,Región El Valle,,DO05,República Dominicana,Dominican Republic,DO,2017-09-06,2020-01-21,
Hato del Padre (D.M.),,DO05020106,Hato del Padre (D.M.),,,,,Municipio San Juan,,DO050201,Provincia San Juan,,DO0502,Región El Valle,,DO05,República Dominicana,Dominican Republic,DO,2017-09-06,2020-01-21,
Guanito (D.M.),,DO05020107,Guanito (D.M.),,,,,Municipio San Juan,,DO050201,Provincia San Juan,,DO0502,Región El Valle,,DO05,República Dominicana,Dominican Republic,DO,2017-09-06,2020-01-21,
La Jagua (D.M.),,DO05020108,La Jagua (D.M.),,,,,Municipio San Juan,,DO050201,Provincia San Juan,,DO0502,Región El Valle,,DO05,República Dominicana,Dominican Republic,DO,2017-09-06,2020-01-21,
Las Maguanas-Hato Nuevo (D.M.),,DO05020109,Las Maguanas-Hato Nuevo (D.M.),,,,,Municipio San Juan,,DO050201,Provincia San Juan,,DO0502,Región El Valle,,DO05,República Dominicana,Dominican Republic,DO,2017-09-06,2020-01-21,
Las Charcas de María Nova (D.M.),,DO05020110,Las Charcas de Maria Nova (D.M.),,,,,Municipio San Juan,,DO050201,Provincia San Juan,,DO0502,Región El Valle,,DO05,República Dominicana,Dominican Republic,DO,2017-09-06,2020-01-21,
Las Zanjas (D.M.),,DO05020111,Las Zanjas (D.M.),,,,,Municipio San Juan,,DO050201,Provincia San Juan,,DO0502,Región El Valle,,DO05,República Dominicana,Dominican Republic,DO,2017-09-06,2020-01-21,
Bohechío,,DO05020201,Bohechio,,,,,Municipio Bohechío,,DO050202,Provincia San Juan,,DO0502,Región El Valle,,DO05,República Dominicana,Dominican Republic,DO,2017-09-06,2020-01-21,
Arroyo Cano (D.M.),,DO05020202,Arroyo Cano (D.M.),,,,,Municipio Bohechío,,DO050202,Provincia San Juan,,DO0502,Región El Valle,,DO05,República Dominicana,Dominican Republic,DO,2017-09-06,2020-01-21,
Yaque (D.M.),,DO05020203,Yaque (D.M.),,,,,Municipio Bohechío,,DO050202,Provincia San Juan,,DO0502,Región El Valle,,DO05,República Dominicana,Dominican Republic,DO,2017-09-06,2020-01-21,
El Cercado,,DO05020301,El Cercado,,,,,Municipio El Cercado,,DO050203,Provincia San Juan,,DO0502,Región El Valle,,DO05,República Dominicana,Dominican Republic,DO,2017-09-06,2020-01-21,
Derrumbadero (D.M.),,DO05020302,Derrumbadero (D.M.),,,,,Municipio El Cercado,,DO050203,Provincia San Juan,,DO0502,Región El Valle,,DO05,República Dominicana,Dominican Republic,DO,2017-09-06,2020-01-21,
Batista (D.M.),,DO05020303,Batista (D.M.),,,,,Municipio El Cercado,,DO050203,Provincia San Juan,,DO0502,Región El Valle,,DO05,República Dominicana,Dominican Republic,DO,2017-09-06,2020-01-21,
Juan de Herrera,,DO05020401,Juan de Herrera,,,,,Municipio Juan de Herrera,,DO050204,Provincia San Juan,,DO0502,Región El Valle,,DO05,República Dominicana,Dominican Republic,DO,2017-09-06,2020-01-21,
Jínova (D.M.),,DO05020402,Jinova (D.M.),,,,,Municipio Juan de Herrera,,DO050204,Provincia San Juan,,DO0502,Región El Valle,,DO05,República Dominicana,Dominican Republic,DO,2017-09-06,2020-01-21,
Las Matas de Farfán,,DO05020501,Las Matas de Farfan,,,,,Municipio Las Matas de Farfán,,DO050205,Provincia San Juan,,DO0502,Región El Valle,,DO05,República Dominicana,Dominican Republic,DO,2017-09-06,2020-01-21,
Matayaya (D.M.),,DO05020502,Matayaya (D.M.),,,,,Municipio Las Matas de Farfán,,DO050205,Provincia San Juan,,DO0502,Región El Valle,,DO05,República Dominicana,Dominican Republic,DO,2017-09-06,2020-01-21,
Carrera de Yeguas (D.M.),,DO05020503,Carrera de Yeguas (D.M.),,,,,Municipio Las Matas de Farfán,,DO050205,Provincia San Juan,,DO0502,Región El Valle,,DO05,República Dominicana,Dominican Republic,DO,2017-09-06,2020-01-21,
Vallejuelo,,DO05020601,Vallejuelo,,,,,Municipio Vallejuelo,,DO050206,Provincia San Juan,,DO0502,Región El Valle,,DO05,República Dominicana,Dominican Republic,DO,2017-09-06,2020-01-21,
Jorjillo (D.M.),,DO05020602,Jorjillo (D.M.),,,,,Municipio Vallejuelo,,DO050206,Provincia San Juan,,DO0502,Región El Valle,,DO05,República Dominicana,Dominican Republic,DO,2017-09-06,2020-01-21,
Neiba,,DO06010101,Neiba,,,,,Municipio Neiba,,DO060101,Provincia Baoruco,,DO0601,Región Enriquillo,,DO06,República Dominicana,Dominican Republic,DO,2017-09-06,2020-01-21,
El Palmar (D.M.),,DO06010102,El Palmar (D.M.),,,,,Municipio Neiba,,DO060101,Provincia Baoruco,,DO0601,Región Enriquillo,,DO06,República Dominicana,Dominican Republic,DO,2017-09-06,2020-01-21,
Galván,,DO06010201,Galvan,,,,,Municipio Galván,,DO060102,Provincia Baoruco,,DO0601,Región Enriquillo,,DO06,República Dominicana,Dominican Republic,DO,2017-09-06,2020-01-21,
El salado (D.M.),,DO06010202,El salado (D.M.),,,,,Municipio Galván,,DO060102,Provincia Baoruco,,DO0601,Región Enriquillo,,DO06,República Dominicana,Dominican Republic,DO,2017-09-06,2020-01-21,
Tamayo,,DO06010301,Tamayo,,,,,Municipio Tamayo,,DO060103,Provincia Baoruco,,DO0601,Región Enriquillo,,DO06,República Dominicana,Dominican Republic,DO,2017-09-06,2020-01-21,
Uvilla (D.M.),,DO06010302,Uvilla (D.M.),,,,,Municipio Tamayo,,DO060103,Provincia Baoruco,,DO0601,Región Enriquillo,,DO06,República Dominicana,Dominican Republic,DO,2017-09-06,2020-01-21,
Santana (D.M.),,DO06010303,Santana (D.M.),,,,,Municipio Tamayo,,DO060103,Provincia Baoruco,,DO0601,Región Enriquillo,,DO06,República Dominicana,Dominican Republic,DO,2017-09-06,2020-01-21,
Monserrate (Montserrat) (D.M.),,DO06010304,Monserrate (Montserrat) (D.M.),,,,,Municipio Tamayo,,DO060103,Provincia Baoruco,,DO0601,Región Enriquillo,,DO06,República Dominicana,Dominican Republic,DO,2017-09-06,2020-01-21,
Cabeza de Toro (D.M.),,DO06010305,Cabeza de Toro (D.M.),,,,,Municipio Tamayo,,DO060103,Provincia Baoruco,,DO0601,Región Enriquillo,,DO06,República Dominicana,Dominican Republic,DO,2017-09-06,2020-01-21,
Mena (D.M.),,DO06010306,Mena (D.M.),,,,,Municipio Tamayo,,DO060103,Provincia Baoruco,,DO0601,Región Enriquillo,,DO06,República Dominicana,Dominican Republic,DO,2017-09-06,2020-01-21,
Santa Bárbara el 6 (D.M.),,DO06010307,Santa Barbara el 6 (D.M.),,,,,Municipio Tamayo,,DO060103,Provincia Baoruco,,DO0601,Región Enriquillo,,DO06,República Dominicana,Dominican Republic,DO,2017-09-06,2020-01-21,
Villa Jaragua,,DO06010401,Villa Jaragua,,,,,Municipio Villa Jaragua,,DO060104,Provincia Baoruco,,DO0601,Región Enriquillo,,DO06,República Dominicana,Dominican Republic,DO,2017-09-06,2020-01-21,
Los Ríos,,DO06010501,Los Rios,,,,,Municipio Los Ríos,,DO060105,Provincia Baoruco,,DO0601,Región Enriquillo,,DO06,República Dominicana,Dominican Republic,DO,2017-09-06,2020-01-21,
Las Clavellinas (D.M.),,DO06010502,Las Clavellinas (D.M.),,,,,Municipio Los Ríos,,DO060105,Provincia Baoruco,,DO0601,Región Enriquillo,,DO06,República Dominicana,Dominican Republic,DO,2017-09-06,2020-01-21,
Barahona,,DO06020101,Barahona,,,,,Municipio Barahona,,DO060201,Provincia Barahona,,DO0602,Región Enriquillo,,DO06,República Dominicana,Dominican Republic,DO,2017-09-06,2020-01-21,
El Cachón (D.M.),,DO06020102,El Cachon (D.M.),,,,,Municipio Barahona,,DO060201,Provincia Barahona,,DO0602,Región Enriquillo,,DO06,República Dominicana,Dominican Republic,DO,2017-09-06,2020-01-21,
La Guázara (D.M.),,DO06020103,La Guazara (D.M.),,,,,Municipio Barahona,,DO060201,Provincia Barahona,,DO0602,Región Enriquillo,,DO06,República Dominicana,Dominican Republic,DO,2017-09-06,2020-01-21,
Villa Central (D.M.),,DO06020104,Villa Central (D.M.),,,,,Municipio Barahona,,DO060201,Provincia Barahona,,DO0602,Región Enriquillo,,DO06,República Dominicana,Dominican Republic,DO,2017-09-06,2020-01-21,
Cabral,,DO06020201,Cabral,,,,,Municipio Cabral,,DO060202,Provincia Barahona,,DO0602,Región Enriquillo,,DO06,República Dominicana,Dominican Republic,DO,2017-09-06,2020-01-21,
Enriquillo,,DO06020301,Enriquillo,,,,,Municipio Enriquillo,,DO060203,Provincia Barahona,,DO0602,Región Enriquillo,,DO06,República Dominicana,Dominican Republic,DO,2017-09-06,2020-01-21,
Arroyo Dulce (D.M.),,DO06020302,Arroyo Dulce (D.M.),,,,,Municipio Enriquillo,,DO060203,Provincia Barahona,,DO0602,Región Enriquillo,,DO06,República Dominicana,Dominican Republic,DO,2017-09-06,2020-01-21,
Paraíso,,DO06020401,Paraiso,,,,,Municipio Paraíso,,DO060204,Provincia Barahona,,DO0602,Región Enriquillo,,DO06,República Dominicana,Dominican Republic,DO,2017-09-06,2020-01-21,
Los Patos (D.M.),,DO06020402,Los Patos (D.M.),,,,,Municipio Paraíso,,DO060204,Provincia Barahona,,DO0602,Región Enriquillo,,DO06,República Dominicana,Dominican Republic,DO,2017-09-06,2020-01-21,
Vicente Noble,,DO06020501,Vicente Noble,,,,,Municipio Vicente Noble,,DO060205,Provincia Barahona,,DO0602,Región Enriquillo,,DO06,República Dominicana,Dominican Republic,DO,2017-09-06,2020-01-21,
Canoa (D.M.),,DO06020502,Canoa (D.M.),,,,,Municipio Vicente Noble,,DO060205,Provincia Barahona,,DO0602,Región Enriquillo,,DO06,República Dominicana,Dominican Republic,DO,2017-09-06,2020-01-21,
Quita Coraza (D.M.),,DO06020503,Quita Coraza (D.M.),,,,,Municipio Vicente Noble,,DO060205,Provincia Barahona,,DO0602,Región Enriquillo,,DO06,República Dominicana,Dominican Republic,DO,2017-09-06,2020-01-21,
Fondo Negro (D.M.),,DO06020504,Fondo Negro (D.M.),,,,,Municipio Vicente Noble,,DO060205,Provincia Barahona,,DO0602,Región Enriquillo,,DO06,República Dominicana,Dominican Republic,DO,2017-09-06,2020-01-21,
El Peñón,,DO06020601,El Penon,,,,,Municipio El Peñón,,DO060206,Provincia Barahona,,DO0602,Región Enriquillo,,DO06,República Dominicana,Dominican Republic,DO,2017-09-06,2020-01-21,
La Ciénaga,,DO06020701,La Cienaga,,,,,Municipio La Ciénaga,,DO060207,Provincia Barahona,,DO0602,Región Enriquillo,,DO06,República Dominicana,Dominican Republic,DO,2017-09-06,2020-01-21,
Baoruco (D.M.),,DO06020702,Baoruco (D.M.),,,,,Municipio La Ciénaga,,DO060207,Provincia Barahona,,DO0602,Región Enriquillo,,DO06,República Dominicana,Dominican Republic,DO,2017-09-06,2020-01-21,
Fundación,,DO06020801,Fundacion,,,,,Municipio Fundación,,DO060208,Provincia Barahona,,DO0602,Región Enriquillo,,DO06,República Dominicana,Dominican Republic,DO,2017-09-06,2020-01-21,
Pescadería (D.M.),,DO06020802,Pescaderia (D.M.),,,,,Municipio Fundación,,DO060208,Provincia Barahona,,DO0602,Región Enriquillo,,DO06,República Dominicana,Dominican Republic,DO,2017-09-06,2020-01-21,
Las Salinas,,DO06020901,Las Salinas,,,,,Municipio Las Salinas,,DO060209,Provincia Barahona,,DO0602,Región Enriquillo,,DO06,República Dominicana,Dominican Republic,DO,2017-09-06,2020-01-21,
Polo,,DO06021001,Polo,,,,,Municipio Polo,,DO060210,Provincia Barahona,,DO0602,Región Enriquillo,,DO06,República Dominicana,Dominican Republic,DO,2017-09-06,2020-01-21,
Jaquimeyes,,DO06021101,Jaquimeyes,,,,,Municipio Jaquimeyes,,DO060211,Provincia Barahona,,DO0602,Región Enriquillo,,DO06,República Dominicana,Dominican Republic,DO,2017-09-06,2020-01-21,
Palo Alto (D.M.),,DO06021102,Palo Alto (D.M.),,,,,Municipio Jaquimeyes,,DO060211,Provincia Barahona,,DO0602,Región Enriquillo,,DO06,República Dominicana,Dominican Republic,DO,2017-09-06,2020-01-21,
Jimaní,,DO06030101,Jimani,,,,,Municipio Jimaní,,DO060301,Provincia Independencia,,DO0603,Región Enriquillo,,DO06,República Dominicana,Dominican Republic,DO,2017-09-06,2020-01-21,
El Limón (D.M.),,DO06030102,El Limon (D.M.),,,,,Municipio Jimaní,,DO060301,Provincia Independencia,,DO0603,Región Enriquillo,,DO06,República Dominicana,Dominican Republic,DO,2017-09-06,2020-01-21,
Boca de Cachón (D.M.),,DO06030103,Boca de Cachon (D.M.),,,,,Municipio Jimaní,,DO060301,Provincia Independencia,,DO0603,Región Enriquillo,,DO06,República Dominicana,Dominican Republic,DO,2017-09-06,2020-01-21,
Duvergé,,DO06030201,Duverge,,,,,Municipio Duvergé,,DO060302,Provincia Independencia,,DO0603,Región Enriquillo,,DO06,República Dominicana,Dominican Republic,DO,2017-09-06,2020-01-21,
Vengan a Ver (D.M.),,DO06030202,Vengan a Ver (D.M.),,,,,Municipio Duvergé,,DO060302,Provincia Independencia,,DO0603,Región Enriquillo,,DO06,República Dominicana,Dominican Republic,DO,2017-09-06,2020-01-21,
La Descubierta,,DO06030301,La Descubierta,,,,,Municipio La Descubierta,,DO060303,Provincia Independencia,,DO0603,Región Enriquillo,,DO06,República Dominicana,Dominican Republic,DO,2017-09-06,2020-01-21,
Postrer Río,,DO06030401,Postrer Rio,,,,,Municipio Postrer Río,,DO060304,Provincia Independencia,,DO0603,Región Enriquillo,,DO06,República Dominicana,Dominican Republic,DO,2017-09-06,2020-01-21,
Guayabal (D.M.),,DO06030402,Guayabal (D.M.),,,,,Municipio Postrer Río,,DO060304,Provincia Independencia,,DO0603,Región Enriquillo,,DO06,República Dominicana,Dominican Republic,DO,2017-09-06,2020-01-21,
Cristóbal,,DO06030501,Cristobal,,,,,Municipio Cristóbal,,DO060305,Provincia Independencia,,DO0603,Región Enriquillo,,DO06,República Dominicana,Dominican Republic,DO,2017-09-06,2020-01-21,
Batey 8 (D.M.),,DO06030502,Batey 8 (D.M.),,,,,Municipio Cristóbal,,DO060305,Provincia Independencia,,DO0603,Región Enriquillo,,DO06,República Dominicana,Dominican Republic,DO,2017-09-06,2020-01-21,
Mella,,DO06030601,Mella,,,,,Municipio Mella,,DO060306,Provincia Independencia,,DO0603,Región Enriquillo,,DO06,República Dominicana,Dominican Republic,DO,2017-09-06,2020-01-21,
La Colonia (D.M.),,DO06030602,La Colonia (D.M.),,,,,Municipio Mella,,DO060306,Provincia Independencia,,DO0603,Región Enriquillo,,DO06,República Dominicana,Dominican Republic,DO,2017-09-06,2020-01-21,
Pedernales,,DO06040101,Pedernales,,,,,Municipio Pedernales,,DO060401,Provincia Pedernales,,DO0604,Región Enriquillo,,DO06,República Dominicana,Dominican Republic,DO,2017-09-06,2020-01-21,
José Francisco Peña Gómez (D.M.),,DO06040102,Jose Francisco Pena Gomez (D.M.),,,,,Municipio Pedernales,,DO060401,Provincia Pedernales,,DO0604,Región Enriquillo,,DO06,República Dominicana,Dominican Republic,DO,2017-09-06,2020-01-21,
Oviedo,,DO06040201,Oviedo,,,,,Municipio Oviedo,,DO060402,Provincia Pedernales,,DO0604,Región Enriquillo,,DO06,República Dominicana,Dominican Republic,DO,2017-09-06,2020-01-21,
Juancho (D.M.),,DO06040202,Juancho (D.M.),,,,,Municipio Oviedo,,DO060402,Provincia Pedernales,,DO0604,Región Enriquillo,,DO06,República Dominicana,Dominican Republic,DO,2017-09-06,2020-01-21,
Hato Mayor,,DO07010101,Hato Mayor,,,,,Municipio Hato Mayor,,DO070101,Provincia Hato Mayor,,DO0701,Región Higuamo,,DO07,República Dominicana,Dominican Republic,DO,2017-09-06,2020-01-21,
Yerba Buena (D.M.),,DO07010102,Yerba Buena (D.M.),,,,,Municipio Hato Mayor,,DO070101,Provincia Hato Mayor,,DO0701,Región Higuamo,,DO07,República Dominicana,Dominican Republic,DO,2017-09-06,2020-01-21,
Mata Palacio (D.M.),,DO07010103,Mata Palacio (D.M.),,,,,Municipio Hato Mayor,,DO070101,Provincia Hato Mayor,,DO0701,Región Higuamo,,DO07,República Dominicana,Dominican Republic,DO,2017-09-06,2020-01-21,
Guayabo Dulce (D.M.),,DO07010104,Guayabo Dulce (D.M.),,,,,Municipio Hato Mayor,,DO070101,Provincia Hato Mayor,,DO0701,Región Higuamo,,DO07,República Dominicana,Dominican Republic,DO,2017-09-06,2020-01-21,
Sabana de la Mar,,DO07010201,Sabana de la Mar,,,,,Municipio Sabana de la Mar,,DO070102,Provincia Hato Mayor,,DO0701,Región Higuamo,,DO07,República Dominicana,Dominican Republic,DO,2017-09-06,2020-01-21,
Elupina Cordero de las Cañitas (D.M.),,DO07010202,Elupina Cordero de las Canitas (D.M.),,,,,Municipio Sabana de la Mar,,DO070102,Provincia Hato Mayor,,DO0701,Región Higuamo,,DO07,República Dominicana,Dominican Republic,DO,2017-09-06,2020-01-21,
El Valle,,DO07010301,El Valle,,,,,Municipio El Valle,,DO070103,Provincia Hato Mayor,,DO0701,Región Higuamo,,DO07,República Dominicana,Dominican Republic,DO,2017-09-06,2020-01-21,
Monte Plata,,DO07020101,Monte Plata,,,,,Municipio Monte Plata,,DO070201,Provincia Monte Plata,,DO0702,Región Higuamo,,DO07,República Dominicana,Dominican Republic,DO,2017-09-06,2020-01-21,
Don Juan (D.M.),,DO07020102,Don Juan (D.M.),,,,,Municipio Monte Plata,,DO070201,Provincia Monte Plata,,DO0702,Región Higuamo,,DO07,República Dominicana,Dominican Republic,DO,2017-09-06,2020-01-21,
Chirino (D.M.),,DO07020103,Chirino (D.M.),,,,,Municipio Monte Plata,,DO070201,Provincia Monte Plata,,DO0702,Región Higuamo,,DO07,República Dominicana,Dominican Republic,DO,2017-09-06,2020-01-21,
Boyá (D.M.),,DO07020104,Boya (D.M.),,,,,Municipio Monte Plata,,DO070201,Provincia Monte Plata,,DO0702,Región Higuamo,,DO07,República Dominicana,Dominican Republic,DO,2017-09-06,2020-01-21,
Bayaguana,,DO07020201,Bayaguana,,,,,Municipio Bayaguana,,DO070202,Provincia Monte Plata,,DO0702,Región Higuamo,,DO07,República Dominicana,Dominican Republic,DO,2017-09-06,2020-01-21,
Sabana Grande de Boyá,,DO07020301,Sabana Grande de Boya,,,,,Municipio Sabana Grande de Boyá,,DO070203,Provincia Monte Plata,,DO0702,Región Higuamo,,DO07,República Dominicana,Dominican Republic,DO,2017-09-06,2020-01-21,
Gonzalo (D.M.),,DO07020302,Gonzalo (D.M.),,,,,Municipio Sabana Grande de Boyá,,DO070203,Provincia Monte Plata,,DO0702,Región Higuamo,,DO07,República Dominicana,Dominican Republic,DO,2017-09-06,2020-01-21,
Majagual (D.M.),,DO07020303,Majagual (D.M.),,,,,Municipio Sabana Grande de Boyá,,DO070203,Provincia Monte Plata,,DO0702,Región Higuamo,,DO07,República Dominicana,Dominican Republic,DO,2017-09-06,2020-01-21,
Yamasá,,DO07020401,Yamasa,,,,,Municipio Yamasá,,DO070204,Provincia Monte Plata,,DO0702,Región Higuamo,,DO07,República Dominicana,Dominican Republic,DO,2017-09-06,2020-01-21,
Los Botados (D.M.),,DO07020402,Los Botados (D.M.),,,,,Municipio Yamasá,,DO070204,Provincia Monte Plata,,DO0702,Región Higuamo,,DO07,República Dominicana,Dominican Republic,DO,2017-09-06,2020-01-21,
Mamá Tingó (D.M.),,DO07020403,Mama Tingo (D.M.),,,,,Municipio Yamasá,,DO070204,Provincia Monte Plata,,DO0702,Región Higuamo,,DO07,República Dominicana,Dominican Republic,DO,2017-09-06,2020-01-21,
Peralvillo,,DO07020501,Peralvillo,,,,,Municipio Peralvillo,,DO070205,Provincia Monte Plata,,DO0702,Región Higuamo,,DO07,República Dominicana,Dominican Republic,DO,2017-09-06,2020-01-21,
San Pedro de Macorís,,DO07030101,San Pedro de Macoris,,,,,Municipio San Pedro de Macorís,,DO070301,Provincia San Pedro de Macorís,,DO0703,Región Higuamo,,DO07,República Dominicana,Dominican Republic,DO,2017-09-06,2020-01-21,
Los Llanos,,DO07030201,Los Llanos,,,,,Municipio Los Llanos,,DO070302,Provincia San Pedro de Macorís,,DO0703,Región Higuamo,,DO07,República Dominicana,Dominican Republic,DO,2017-09-06,2020-01-21,
El Puerto (D.M.),,DO07030202,El Puerto (D.M.),,,,,Municipio Los Llanos,,DO070302,Provincia San Pedro de Macorís,,DO0703,Región Higuamo,,DO07,República Dominicana,Dominican Republic,DO,2017-09-06,2020-01-21,
Gautier (D.M.),,DO07030203,Gautier (D.M.),,,,,Municipio Los Llanos,,DO070302,Provincia San Pedro de Macorís,,DO0703,Región Higuamo,,DO07,República Dominicana,Dominican Republic,DO,2017-09-06,2020-01-21,
Ramón Santana,,DO07030301,Ramon Santana,,,,,Municipio Ramón Santana,,DO070303,Provincia San Pedro de Macorís,,DO0703,Región Higuamo,,DO07,República Dominicana,Dominican Republic,DO,2017-09-06,2020-01-21,
Consuelo,,DO07030401,Consuelo,,,,,Municipio Consuelo,,DO070304,Provincia San Pedro de Macorís,,DO0703,Región Higuamo,,DO07,República Dominicana,Dominican Republic,DO,2017-09-06,2020-01-21,
Quisqueya,,DO07030501,Quisqueya,,,,,Municipio Quisqueya,,DO070305,Provincia San Pedro de Macorís,,DO0703,Región Higuamo,,DO07,República Dominicana,Dominican Republic,DO,2017-09-06,2020-01-21,
Guayacanes,,DO07030601,Guayacanes,,,,,Municipio Guayacanes,,DO070306,Provincia San Pedro de Macorís,,DO0703,Región Higuamo,,DO07,República Dominicana,Dominican Republic,DO,2017-09-06,2020-01-21,
Santo Domingo de Guzmán,,DO08010101,Santo Domingo de Guzman,,,,,Municipio Santo Domingo de Guzmán,,DO080101,Distrito Nacional,,DO0801,Región Ozama,,DO08,República Dominicana,Dominican Republic,DO,2017-09-06,2020-01-21,
Santo Domingo Este,,DO08020101,Santo Domingo Este,,,,,Municipio Santo Domingo Este,,DO080201,Provincia Santo Domingo,,DO0802,Región Ozama,,DO08,República Dominicana,Dominican Republic,DO,2017-09-06,2020-01-21,
San Luis (D.M.),,DO08020102,San Luis (D.M.),,,,,Municipio Santo Domingo Este,,DO080201,Provincia Santo Domingo,,DO0802,Región Ozama,,DO08,República Dominicana,Dominican Republic,DO,2017-09-06,2020-01-21,
Santo Domingo Oeste,,DO08020201,Santo Domingo Oeste,,,,,Municipio Santo Domingo Oeste,,DO080202,Provincia Santo Domingo,,DO0802,Región Ozama,,DO08,República Dominicana,Dominican Republic,DO,2017-09-06,2020-01-21,
Santo Domingo Norte,,DO08020301,Santo Domingo Norte,,,,,Municipio Santo Domingo Norte,,DO080203,Provincia Santo Domingo,,DO0802,Región Ozama,,DO08,República Dominicana,Dominican Republic,DO,2017-09-06,2020-01-21,
La Victoria (D.M.),,DO08020302,La Victoria (D.M.),,,,,Municipio Santo Domingo Norte,,DO080203,Provincia Santo Domingo,,DO0802,Región Ozama,,DO08,República Dominicana,Dominican Republic,DO,2017-09-06,2020-01-21,
Boca Chica,,DO08020401,Boca Chica,,,,,Municipio Boca Chica,,DO080204,Provincia Santo Domingo,,DO0802,Región Ozama,,DO08,República Dominicana,Dominican Republic,DO,2017-09-06,2020-01-21,
La Caleta (D.M.),,DO08020402,La Caleta (D.M.),,,,,Municipio Boca Chica,,DO080204,Provincia Santo Domingo,,DO0802,Región Ozama,,DO08,República Dominicana,Dominican Republic,DO,2017-09-06,2020-01-21,
San Antonio de Guerra,,DO08020501,San Antonio de Guerra,,,,,Municipio San Antonio de Guerra,,DO080205,Provincia Santo Domingo,,DO0802,Región Ozama,,DO08,República Dominicana,Dominican Republic,DO,2017-09-06,2020-01-21,
Hato Viejo (D.M.),,DO08020502,Hato Viejo (D.M.),,,,,Municipio San Antonio de Guerra,,DO080205,Provincia Santo Domingo,,DO0802,Región Ozama,,DO08,República Dominicana,Dominican Republic,DO,2017-09-06,2020-01-21,
Los Alcarrizos,,DO08020601,Los Alcarrizos,,,,,Municipio Los Alcarrizos,,DO080206,Provincia Santo Domingo,,DO0802,Región Ozama,,DO08,República Dominicana,Dominican Republic,DO,2017-09-06,2020-01-21,
Palmarejo-Villa Linda (D.M.),,DO08020602,Palmarejo-Villa Linda (D.M.),,,,,Municipio Los Alcarrizos,,DO080206,Provincia Santo Domingo,,DO0802,Región Ozama,,DO08,República Dominicana,Dominican Republic,DO,2017-09-06,2020-01-21,
Pantoja (D.M.),,DO08020603,Pantoja (D.M.),,,,,Municipio Los Alcarrizos,,DO080206,Provincia Santo Domingo,,DO0802,Región Ozama,,DO08,República Dominicana,Dominican Republic,DO,2017-09-06,2020-01-21,
Pedro Brand,,DO08020701,Pedro Brand,,,,,Municipio Pedro Brand,,DO080207,Provincia Santo Domingo,,DO0802,Región Ozama,,DO08,República Dominicana,Dominican Republic,DO,2017-09-06,2020-01-21,
La Guáyiga (D.M.),,DO08020702,La Guayiga (D.M.),,,,,Municipio Pedro Brand,,DO080207,Provincia Santo Domingo,,DO0802,Región Ozama,,DO08,República Dominicana,Dominican Republic,DO,2017-09-06,2020-01-21,
La Cuaba (D.M.),,DO08020703,La Cuaba (D.M.),,,,,Municipio Pedro Brand,,DO080207,Provincia Santo Domingo,,DO0802,Región Ozama,,DO08,República Dominicana,Dominican Republic,DO,2017-09-06,2020-01-21,
Azua,,DO09010101,Azua,,,,,Municipio Azua,,DO090101,Provincia Azua,,DO0901,Región Valdesia,,DO09,República Dominicana,Dominican Republic,DO,2017-09-06,2020-01-21,
Barro Arriba (D.M.),,DO09010102,Barro Arriba (D.M.),,,,,Municipio Azua,,DO090101,Provincia Azua,,DO0901,Región Valdesia,,DO09,República Dominicana,Dominican Republic,DO,2017-09-06,2020-01-21,
Las Barías-la Estancia (D.M.),,DO09010103,Las Barias-la Estancia (D.M.),,,,,Municipio Azua,,DO090101,Provincia Azua,,DO0901,Región Valdesia,,DO09,República Dominicana,Dominican Republic,DO,2017-09-06,2020-01-21,
Los Jovillos (D.M.),,DO09010104,Los Jovillos (D.M.),,,,,Municipio Azua,,DO090101,Provincia Azua,,DO0901,Región Valdesia,,DO09,República Dominicana,Dominican Republic,DO,2017-09-06,2020-01-21,
Puerto Viejo (D.M.),,DO09010105,Puerto Viejo (D.M.),,,,,Municipio Azua,,DO090101,Provincia Azua,,DO0901,Región Valdesia,,DO09,República Dominicana,Dominican Republic,DO,2017-09-06,2020-01-21,
Barreras (D.M.),,DO09010106,Barreras (D.M.),,,,,Municipio Azua,,DO090101,Provincia Azua,,DO0901,Región Valdesia,,DO09,República Dominicana,Dominican Republic,DO,2017-09-06,2020-01-21,
Doña Emma Balaguer Viuda Vallejo (D.M),,DO09010107,Dona Emma Balaguer Viuda Vallejo (D.M),,,,,Municipio Azua,,DO090101,Provincia Azua,,DO0901,Región Valdesia,,DO09,República Dominicana,Dominican Republic,DO,2017-09-06,2020-01-21,
Clavellina (D.M.),,DO09010108,Clavellina (D.M.),,,,,Municipio Azua,,DO090101,Provincia Azua,,DO0901,Región Valdesia,,DO09,República Dominicana,Dominican Republic,DO,2017-09-06,2020-01-21,
Las Lomas (D.M.),,DO09010109,Las Lomas (D.M.),,,,,Municipio Azua,,DO090101,Provincia Azua,,DO0901,Región Valdesia,,DO09,República Dominicana,Dominican Republic,DO,2017-09-06,2020-01-21,
Las Charcas,,DO09010201,Las Charcas,,,,,Municipio Las Charcas,,DO090102,Provincia Azua,,DO0901,Región Valdesia,,DO09,República Dominicana,Dominican Republic,DO,2017-09-06,2020-01-21,
Palmar de Ocoa (D.M.),,DO09010202,Palmar de Ocoa (D.M.),,,,,Municipio Las Charcas,,DO090102,Provincia Azua,,DO0901,Región Valdesia,,DO09,República Dominicana,Dominican Republic,DO,2017-09-06,2020-01-21,
Las Yayas de Viajama,,DO09010301,Las Yayas de Viajama,,,,,Municipio Las Yayas de Viajama,,DO090103,Provincia Azua,,DO0901,Región Valdesia,,DO09,República Dominicana,Dominican Republic,DO,2017-09-06,2020-01-21,
Villarpando (D.M.),,DO09010302,Villarpando (D.M.),,,,,Municipio Las Yayas de Viajama,,DO090103,Provincia Azua,,DO0901,Región Valdesia,,DO09,República Dominicana,Dominican Republic,DO,2017-09-06,2020-01-21,
Hato Nuevo Cortés (D.M.),,DO09010303,Hato Nuevo Cortes (D.M.),,,,,Municipio Las Yayas de Viajama,,DO090103,Provincia Azua,,DO0901,Región Valdesia,,DO09,República Dominicana,Dominican Republic,DO,2017-09-06,2020-01-21,
Padre Las Casas,,DO09010401,Padre Las Casas,,,,,Municipio Padre Las Casas,,DO090104,Provincia Azua,,DO0901,Región Valdesia,,DO09,República Dominicana,Dominican Republic,DO,2017-09-06,2020-01-21,
Las Lagunas (D.M.),,DO09010402,Las Lagunas (D.M.),,,,,Municipio Padre Las Casas,,DO090104,Provincia Azua,,DO0901,Región Valdesia,,DO09,República Dominicana,Dominican Republic,DO,2017-09-06,2020-01-21,
La Siembra (D.M.),,DO09010403,La Siembra (D.M.),,,,,Municipio Padre Las Casas,,DO090104,Provincia Azua,,DO0901,Región Valdesia,,DO09,República Dominicana,Dominican Republic,DO,2017-09-06,2020-01-21,
Monte Bonito (D.M.),,DO09010404,Monte Bonito (D.M.),,,,,Municipio Padre Las Casas,,DO090104,Provincia Azua,,DO0901,Región Valdesia,,DO09,República Dominicana,Dominican Republic,DO,2017-09-06,2020-01-21,
Los Fríos (D.M.),,DO09010405,Los Frios (D.M.),,,,,Municipio Padre Las Casas,,DO090104,Provincia Azua,,DO0901,Región Valdesia,,DO09,República Dominicana,Dominican Republic,DO,2017-09-06,2020-01-21,
Peralta,,DO09010501,Peralta,,,,,Municipio Peralta,,DO090105,Provincia Azua,,DO0901,Región Valdesia,,DO09,República Dominicana,Dominican Republic,DO,2017-09-06,2020-01-21,
Sabana Yegua,,DO09010601,Sabana Yegua,,,,,Municipio Sabana Yegua,,DO090106,Provincia Azua,,DO0901,Región Valdesia,,DO09,República Dominicana,Dominican Republic,DO,2017-09-06,2020-01-21,
Proyecto 4 (D.M.),,DO09010602,Proyecto 4 (D.M.),,,,,Municipio Sabana Yegua,,DO090106,Provincia Azua,,DO0901,Región Valdesia,,DO09,República Dominicana,Dominican Republic,DO,2017-09-06,2020-01-21,
Ganadero (D.M.),,DO09010603,Ganadero (D.M.),,,,,Municipio Sabana Yegua,,DO090106,Provincia Azua,,DO0901,Región Valdesia,,DO09,República Dominicana,Dominican Republic,DO,2017-09-06,2020-01-21,
Proyecto 2-C (D.M.),,DO09010604,Proyecto 2-C (D.M.),,,,,Municipio Sabana Yegua,,DO090106,Provincia Azua,,DO0901,Región Valdesia,,DO09,República Dominicana,Dominican Republic,DO,2017-09-06,2020-01-21,
Pueblo Viejo,,DO09010701,Pueblo Viejo,,,,,Municipio Pueblo Viejo,,DO090107,Provincia Azua,,DO0901,Región Valdesia,,DO09,República Dominicana,Dominican Republic,DO,2017-09-06,2020-01-21,
El Rosario (D.M.),,DO09010702,El Rosario (D.M.),,,,,Municipio Pueblo Viejo,,DO090107,Provincia Azua,,DO0901,Región Valdesia,,DO09,República Dominicana,Dominican Republic,DO,2017-09-06,2020-01-21,
Tábara Arriba,,DO09010801,Tabara Arriba,,,,,Municipio Tábara Arriba,,DO090108,Provincia Azua,,DO0901,Región Valdesia,,DO09,República Dominicana,Dominican Republic,DO,2017-09-06,2020-01-21,
Tábara Abajo (D.M.),,DO09010802,Tabara Abajo (D.M.),,,,,Municipio Tábara Arriba,,DO090108,Provincia Azua,,DO0901,Región Valdesia,,DO09,República Dominicana,Dominican Republic,DO,2017-09-06,2020-01-21,
Amiama Gómez (D.M.),,DO09010803,Amiama Gomez (D.M.),,,,,Municipio Tábara Arriba,,DO090108,Provincia Azua,,DO0901,Región Valdesia,,DO09,República Dominicana,Dominican Republic,DO,2017-09-06,2020-01-21,
Los Toros (D.M.),,DO09010804,Los Toros (D.M.),,,,,Municipio Tábara Arriba,,DO090108,Provincia Azua,,DO0901,Región Valdesia,,DO09,República Dominicana,Dominican Republic,DO,2017-09-06,2020-01-21,
Guayabal,,DO09010901,Guayabal,,,,,Municipio Guayabal,,DO090109,Provincia Azua,,DO0901,Región Valdesia,,DO09,República Dominicana,Dominican Republic,DO,2017-09-06,2020-01-21,
Estebanía,,DO09011001,Estebania,,,,,Municipio Estebanía,,DO090110,Provincia Azua,,DO0901,Región Valdesia,,DO09,República Dominicana,Dominican Republic,DO,2017-09-06,2020-01-21,
Baní,,DO09020101,Bani,,,,,Municipio Baní,,DO090201,Provincia Peravia,,DO0902,Región Valdesia,,DO09,República Dominicana,Dominican Republic,DO,2017-09-06,2020-01-21,
Matanzas (D.M.),,DO09020102,Matanzas (D.M.),,,,,Municipio Baní,,DO090201,Provincia Peravia,,DO0902,Región Valdesia,,DO09,República Dominicana,Dominican Republic,DO,2017-09-06,2020-01-21,
Villa Fundación (D.M.),,DO09020103,Villa Fundacion (D.M.),,,,,Municipio Baní,,DO090201,Provincia Peravia,,DO0902,Región Valdesia,,DO09,República Dominicana,Dominican Republic,DO,2017-09-06,2020-01-21,
Sabana Buey (D.M.),,DO09020104,Sabana Buey (D.M.),,,,,Municipio Baní,,DO090201,Provincia Peravia,,DO0902,Región Valdesia,,DO09,República Dominicana,Dominican Republic,DO,2017-09-06,2020-01-21,
Paya (D.M.),,DO09020105,Paya (D.M.),,,,,Municipio Baní,,DO090201,Provincia Peravia,,DO0902,Región Valdesia,,DO09,República Dominicana,Dominican Republic,DO,2017-09-06,2020-01-21,
Villa Sombrero (D.M.),,DO09020106,Villa Sombrero (D.M.),,,,,Municipio Baní,,DO090201,Provincia Peravia,,DO0902,Región Valdesia,,DO09,República Dominicana,Dominican Republic,DO,2017-09-06,2020-01-21,
El Carretón (D.M.),,DO09020107,El Carreton (D.M.),,,,,Municipio Baní,,DO090201,Provincia Peravia,,DO0902,Región Valdesia,,DO09,República Dominicana,Dominican Republic,DO,2017-09-06,2020-01-21,
Catalina (D.M.),,DO09020108,Catalina (D.M.),,,,,Municipio Baní,,DO090201,Provincia Peravia,,DO0902,Región Valdesia,,DO09,República Dominicana,Dominican Republic,DO,2017-09-06,2020-01-21,
El Limonal (D.M.),,DO09020109,El Limonal (D.M.),,,,,Municipio Baní,,DO090201,Provincia Peravia,,DO0902,Región Valdesia,,DO09,República Dominicana,Dominican Republic,DO,2017-09-06,2020-01-21,
Las Barías (D.M.),,DO09020110,Las Barias (D.M.),,,,,Municipio Baní,,DO090201,Provincia Peravia,,DO0902,Región Valdesia,,DO09,República Dominicana,Dominican Republic,DO,2017-09-06,2020-01-21,
Nizao,,DO09020201,Nizao,,,,,Municipio Nizao,,DO090202,Provincia Peravia,,DO0902,Región Valdesia,,DO09,República Dominicana,Dominican Republic,DO,2017-09-06,2020-01-21,
Pizarrete (D.M.),,DO09020202,Pizarrete (D.M.),,,,,Municipio Nizao,,DO090202,Provincia Peravia,,DO0902,Región Valdesia,,DO09,República Dominicana,Dominican Republic,DO,2017-09-06,2020-01-21,
Santana (D.M.),,DO09020203,Santana (D.M.),,,,,Municipio Nizao,,DO090202,Provincia Peravia,,DO0902,Región Valdesia,,DO09,República Dominicana,Dominican Republic,DO,2017-09-06,2020-01-21,
San Cristóbal,,DO09030101,San Cristobal,,,,,Municipio San Cristóbal,,DO090301,Provincia San Cristóbal,,DO0903,Región Valdesia,,DO09,República Dominicana,Dominican Republic,DO,2017-09-06,2020-01-21,
Hato Damas (D.M.),,DO09030102,Hato Damas (D.M.),,,,,Municipio San Cristóbal,,DO090301,Provincia San Cristóbal,,DO0903,Región Valdesia,,DO09,República Dominicana,Dominican Republic,DO,2017-09-06,2020-01-21,
Sabana Grande de Palenque,,DO09030201,Sabana Grande de Palenque,,,,,Municipio Sabana Grande de Palenque,,DO090302,Provincia San Cristóbal,,DO0903,Región Valdesia,,DO09,República Dominicana,Dominican Republic,DO,2017-09-06,2020-01-21,
Bajos de Haina,,DO09030301,Bajos de Haina,,,,,Municipio Bajos de Haina,,DO090303,Provincia San Cristóbal,,DO0903,Región Valdesia,,DO09,República Dominicana,Dominican Republic,DO,2017-09-06,2020-01-21,
El Carril (D.M.),,DO09030302,El Carril (D.M.),,,,,Municipio Bajos de Haina,,DO090303,Provincia San Cristóbal,,DO0903,Región Valdesia,,DO09,República Dominicana,Dominican Republic,DO,2017-09-06,2020-01-21,
Cambita Garabitos,,DO09030401,Cambita Garabitos,,,,,Municipio Cambita Garabitos,,DO090304,Provincia San Cristóbal,,DO0903,Región Valdesia,,DO09,República Dominicana,Dominican Republic,DO,2017-09-06,2020-01-21,
Cambita el Pueblecito (D.M.),,DO09030402,Cambita el Pueblecito (D.M.),,,,,Municipio Cambita Garabitos,,DO090304,Provincia San Cristóbal,,DO0903,Región Valdesia,,DO09,República Dominicana,Dominican Republic,DO,2017-09-06,2020-01-21,
Villa Altagracia,,DO09030501,Villa Altagracia,,,,,Municipio Villa Altagracia,,DO090305,Provincia San Cristóbal,,DO0903,Región Valdesia,,DO09,República Dominicana,Dominican Republic,DO,2017-09-06,2020-01-21,
San José del Puerto (D.M.),,DO09030502,San Jose del Puerto (D.M.),,,,,Municipio Villa Altagracia,,DO090305,Provincia San Cristóbal,,DO0903,Región Valdesia,,DO09,República Dominicana,Dominican Republic,DO,2017-09-06,2020-01-21,
Medina (D.M.),,DO09030503,Medina (D.M.),,,,,Municipio Villa Altagracia,,DO090305,Provincia San Cristóbal,,DO0903,Región Valdesia,,DO09,República Dominicana,Dominican Republic,DO,2017-09-06,2020-01-21,
La Cuchilla (D.M.),,DO09030504,La Cuchilla (D.M.),,,,,Municipio Villa Altagracia,,DO090305,Provincia San Cristóbal,,DO0903,Región Valdesia,,DO09,República Dominicana,Dominican Republic,DO,2017-09-06,2020-01-21,
Yaguate,,DO09030601,Yaguate,,,,,Municipio Yaguate,,DO090306,Provincia San Cristóbal,,DO0903,Región Valdesia,,DO09,República Dominicana,Dominican Republic,DO,2017-09-06,2020-01-21,
San Gregorio de Nigua,,DO09030701,San Gregorio de Nigua,,,,,Municipio San Gregorio de Nigua,,DO090307,Provincia San Cristóbal,,DO0903,Región Valdesia,,DO09,República Dominicana,Dominican Republic,DO,2017-09-06,2020-01-21,
Los Cacaos,,DO09030801,Los Cacaos,,,,,Municipio Los Cacaos,,DO090308,Provincia San Cristóbal,,DO0903,Región Valdesia,,DO09,República Dominicana,Dominican Republic,DO,2017-09-06,2020-01-21,
San José de Ocoa,,DO09040101,San Jose de Ocoa,,,,,Municipio San José de Ocoa,,DO090401,Provincia San José de Ocoa,,DO0904,Región Valdesia,,DO09,República Dominicana,Dominican Republic,DO,2017-09-06,2020-01-21,
La Ciénaga (D.M.),,DO09040102,La Cienaga (D.M.),,,,,Municipio San José de Ocoa,,DO090401,Provincia San José de Ocoa,,DO0904,Región Valdesia,,DO09,República Dominicana,Dominican Republic,DO,2017-09-06,2020-01-21,
Nizao - Las Auyamas (D.M.),,DO09040103,Nizao - Las Auyamas (D.M.),,,,,Municipio San José de Ocoa,,DO090401,Provincia San José de Ocoa,,DO0904,Región Valdesia,,DO09,República Dominicana,Dominican Republic,DO,2017-09-06,2020-01-21,
El Pinar (D.M.),,DO09040104,El Pinar (D.M.),,,,,Municipio San José de Ocoa,,DO090401,Provincia San José de Ocoa,,DO0904,Región Valdesia,,DO09,República Dominicana,Dominican Republic,DO,2017-09-06,2020-01-21,
El Naranjal (D.M.),,DO09040105,El Naranjal (D.M.),,,,,Municipio San José de Ocoa,,DO090401,Provincia San José de Ocoa,,DO0904,Región Valdesia,,DO09,República Dominicana,Dominican Republic,DO,2017-09-06,2020-01-21,
Sabana Larga,,DO09040201,Sabana Larga,,,,,Municipio Sabana Larga,,DO090402,Provincia San José de Ocoa,,DO0904,Región Valdesia,,DO09,República Dominicana,Dominican Republic,DO,2017-09-06,2020-01-21,
Rancho Arriba,,DO09040301,Rancho Arriba,,,,,Municipio Rancho Arriba,,DO090403,Provincia San José de Ocoa,,DO0904,Región Valdesia,,DO09,República Dominicana,Dominican Republic,DO,2017-09-06,2020-01-21,
El Seibo,,DO10010101,El Seibo,,,,,Municipio El Seibo,,DO100101,Provincia El Seibo,,DO1001,Región Yuma,,DO10,República Dominicana,Dominican Republic,DO,2017-09-06,2020-01-21,
Pedro Sánchez (D.M.),,DO10010102,Pedro Sanchez (D.M.),,,,,Municipio El Seibo,,DO100101,Provincia El Seibo,,DO1001,Región Yuma,,DO10,República Dominicana,Dominican Republic,DO,2017-09-06,2020-01-21,
San Francisco-Vicentillo (D.M.),,DO10010103,San Francisco-Vicentillo (D.M.),,,,,Municipio El Seibo,,DO100101,Provincia El Seibo,,DO1001,Región Yuma,,DO10,República Dominicana,Dominican Republic,DO,2017-09-06,2020-01-21,
Santa Lucía (D.M.),,DO10010104,Santa Lucia (D.M.),,,,,Municipio El Seibo,,DO100101,Provincia El Seibo,,DO1001,Región Yuma,,DO10,República Dominicana,Dominican Republic,DO,2017-09-06,2020-01-21,
Miches,,DO10010201,Miches,,,,,Municipio Miches,,DO100102,Provincia El Seibo,,DO1001,Región Yuma,,DO10,República Dominicana,Dominican Republic,DO,2017-09-06,2020-01-21,
El Cedro (D.M.),,DO10010202,El Cedro (D.M.),,,,,Municipio Miches,,DO100102,Provincia El Seibo,,DO1001,Región Yuma,,DO10,República Dominicana,Dominican Republic,DO,2017-09-06,2020-01-21,
La Gina (D.M.),,DO10010203,La Gina (D.M.),,,,,Municipio Miches,,DO100102,Provincia El Seibo,,DO1001,Región Yuma,,DO10,República Dominicana,Dominican Republic,DO,2017-09-06,2020-01-21,
Higüey,,DO10020101,Higuey,,,,,Municipio Higüey,,DO100201,Provincia La Altagracia,,DO1002,Región Yuma,,DO10,República Dominicana,Dominican Republic,DO,2017-09-06,2020-01-21,
Las Lagunas de Nisibón (D.M.),,DO10020102,Las Lagunas de Nisibon (D.M.),,,,,Municipio Higüey,,DO100201,Provincia La Altagracia,,DO1002,Región Yuma,,DO10,República Dominicana,Dominican Republic,DO,2017-09-06,2020-01-21,
La Otra Banda (D.M.),,DO10020103,La Otra Banda (D.M.),,,,,Municipio Higüey,,DO100201,Provincia La Altagracia,,DO1002,Región Yuma,,DO10,República Dominicana,Dominican Republic,DO,2017-09-06,2020-01-21,
Verón Punta Cana (D.M.),,DO10020104,Veron Punta Cana (D.M.),,,,,Municipio Higüey,,DO100201,Provincia La Altagracia,,DO1002,Región Yuma,,DO10,República Dominicana,Dominican Republic,DO,2017-09-06,2020-01-21,
San Rafael del Yuma,,DO10020201,San Rafael del Yuma,,,,,Municipio San Rafael del Yuma,,DO100202,Provincia La Altagracia,,DO1002,Región Yuma,,DO10,República Dominicana,Dominican Republic,DO,2017-09-06,2020-01-21,
Boca de Yuma (D.M.),,DO10020202,Boca de Yuma (D.M.),,,,,Municipio San Rafael del Yuma,,DO100202,Provincia La Altagracia,,DO1002,Región Yuma,,DO10,República Dominicana,Dominican Republic,DO,2017-09-06,2020-01-21,
Bayahíbe (D.M.),,DO10020203,Bayahibe (D.M.),,,,,Municipio San Rafael del Yuma,,DO100202,Provincia La Altagracia,,DO1002,Región Yuma,,DO10,República Dominicana,Dominican Republic,DO,2017-09-06,2020-01-21,
La Romana,,DO10030101,La Romana,,,,,Municipio La Romana,,DO100301,Provincia La Romana,,DO1003,Región Yuma,,DO10,República Dominicana,Dominican Republic,DO,2017-09-06,2020-01-21,
Caleta (D.M.),,DO10030102,Caleta (D.M.),,,,,Municipio La Romana,,DO100301,Provincia La Romana,,DO1003,Región Yuma,,DO10,República Dominicana,Dominican Republic,DO,2017-09-06,2020-01-21,
Guaymate,,DO10030201,Guaymate,,,,,Municipio Guaymate,,DO100302,Provincia La Romana,,DO1003,Región Yuma,,DO10,República Dominicana,Dominican Republic,DO,2017-09-06,2020-01-21,
Villa Hermosa,,DO10030301,Villa Hermosa,,,,,Municipio Villa Hermosa,,DO100303,Provincia La Romana,,DO1003,Región Yuma,,DO10,República Dominicana,Dominican Republic,DO,2017-09-06,2020-01-21,
Cumayasa (D.M.),,DO10030302,Cumayasa (D.M.),,,,,Municipio Villa Hermosa,,DO100303,Provincia La Romana,,DO1003,Región Yuma,,DO10,República Dominicana,Dominican Republic,DO,2017-09-06,2020-01-21,
