#adm2+name+i_es,#adm2+code+v_pcode,#adm2+name,#adm2+name+alt1+i_es,#adm2+name+alt2+i_es,#adm1+name+i_es,#adm1+code+v_pcode,#country+name+i_es,#country+code+v_iso2,#date+start,#date+updated,#date+end
Oropeza,BO0101,,,,Chuquisaca,BO01,Bolivia (Estado Plurinacional de),BO,2019-01-29,2021-09-21,
Azurduy,BO0102,,,,Chuquisaca,BO01,Bolivia (Estado Plurinacional de),BO,2019-01-29,2021-09-21,
Zudáñez,BO0103,Zudanez,,,Chuquisaca,BO01,Bolivia (Estado Plurinacional de),BO,2019-01-29,2021-09-21,
Tomina,BO0104,,,,Chuquisaca,BO01,Bolivia (Estado Plurinacional de),BO,2019-01-29,2021-09-21,
Hernando Siles,BO0105,,,,Chuquisaca,BO01,Bolivia (Estado Plurinacional de),BO,2019-01-29,2021-09-21,
Yamparáez,BO0106,Yamparaez,,,Chuquisaca,BO01,Bolivia (Estado Plurinacional de),BO,2019-01-29,2021-09-21,
Nor Cinti,BO0107,,,,Chuquisaca,BO01,Bolivia (Estado Plurinacional de),BO,2019-01-29,2021-09-21,
Belisario Boeto,BO0108,,,,Chuquisaca,BO01,Bolivia (Estado Plurinacional de),BO,2019-01-29,2021-09-21,
Sur Cinti,BO0109,,,,Chuquisaca,BO01,Bolivia (Estado Plurinacional de),BO,2019-01-29,2021-09-21,
Luis Calvo,BO0110,,,,Chuquisaca,BO01,Bolivia (Estado Plurinacional de),BO,2019-01-29,2021-09-21,
Murillo,BO0201,,,,La Paz,BO02,Bolivia (Estado Plurinacional de),BO,2019-01-29,2021-09-21,
Omasuyos,BO0202,,,,La Paz,BO02,Bolivia (Estado Plurinacional de),BO,2019-01-29,2021-09-21,
Pacajes,BO0203,,,,La Paz,BO02,Bolivia (Estado Plurinacional de),BO,2019-01-29,2021-09-21,
Camacho,BO0204,,,,La Paz,BO02,Bolivia (Estado Plurinacional de),BO,2019-01-29,2021-09-21,
Muñecas,BO0205,Munecas,,,La Paz,BO02,Bolivia (Estado Plurinacional de),BO,2019-01-29,2021-09-21,
Larecaja,BO0206,,,,La Paz,BO02,Bolivia (Estado Plurinacional de),BO,2019-01-29,2021-09-21,
Franz Tamayo,BO0207,,,,La Paz,BO02,Bolivia (Estado Plurinacional de),BO,2019-01-29,2021-09-21,
Ingavi,BO0208,,,,La Paz,BO02,Bolivia (Estado Plurinacional de),BO,2019-01-29,2021-09-21,
Loayza,BO0209,,,,La Paz,BO02,Bolivia (Estado Plurinacional de),BO,2019-01-29,2021-09-21,
Inquisivi,BO0210,,,,La Paz,BO02,Bolivia (Estado Plurinacional de),BO,2019-01-29,2021-09-21,
Sud Yungas,BO0211,,,,La Paz,BO02,Bolivia (Estado Plurinacional de),BO,2019-01-29,2021-09-21,
Los Andes,BO0212,,,,La Paz,BO02,Bolivia (Estado Plurinacional de),BO,2019-01-29,2021-09-21,
Aroma,BO0213,,,,La Paz,BO02,Bolivia (Estado Plurinacional de),BO,2019-01-29,2021-09-21,
Nor Yungas,BO0214,,,,La Paz,BO02,Bolivia (Estado Plurinacional de),BO,2019-01-29,2021-09-21,
Abel Iturralde,BO0215,,,,La Paz,BO02,Bolivia (Estado Plurinacional de),BO,2019-01-29,2021-09-21,
Bautista Saavedra,BO0216,,,,La Paz,BO02,Bolivia (Estado Plurinacional de),BO,2019-01-29,2021-09-21,
Manco Kapac,BO0217,,,,La Paz,BO02,Bolivia (Estado Plurinacional de),BO,2019-01-29,2021-09-21,
Gualberto Villarroel,BO0218,,,,La Paz,BO02,Bolivia (Estado Plurinacional de),BO,2019-01-29,2021-09-21,
General José Manuel Pando,BO0219,General Jose Manuel Pando,,,La Paz,BO02,Bolivia (Estado Plurinacional de),BO,2019-01-29,2021-09-21,
Caranavi,BO0220,,,,La Paz,BO02,Bolivia (Estado Plurinacional de),BO,2019-01-29,2021-09-21,
Cercado,BO0301,,,,Cochabamba,BO03,Bolivia (Estado Plurinacional de),BO,2019-01-29,2021-09-21,
Campero,BO0302,,,,Cochabamba,BO03,Bolivia (Estado Plurinacional de),BO,2019-01-29,2021-09-21,
Ayopaya,BO0303,,,,Cochabamba,BO03,Bolivia (Estado Plurinacional de),BO,2019-01-29,2021-09-21,
Esteban Arze,BO0304,,,,Cochabamba,BO03,Bolivia (Estado Plurinacional de),BO,2019-01-29,2021-09-21,
Arani,BO0305,,,,Cochabamba,BO03,Bolivia (Estado Plurinacional de),BO,2019-01-29,2021-09-21,
Arque,BO0306,,,,Cochabamba,BO03,Bolivia (Estado Plurinacional de),BO,2019-01-29,2021-09-21,
Capinota,BO0307,,,,Cochabamba,BO03,Bolivia (Estado Plurinacional de),BO,2019-01-29,2021-09-21,
Germán Jordán,BO0308,German Jordan,,,Cochabamba,BO03,Bolivia (Estado Plurinacional de),BO,2019-01-29,2021-09-21,
Quillacollo,BO0309,,,,Cochabamba,BO03,Bolivia (Estado Plurinacional de),BO,2019-01-29,2021-09-21,
Chapare,BO0310,,,,Cochabamba,BO03,Bolivia (Estado Plurinacional de),BO,2019-01-29,2021-09-21,
Tapacarí,BO0311,Tapacari,,,Cochabamba,BO03,Bolivia (Estado Plurinacional de),BO,2019-01-29,2021-09-21,
Carrasco,BO0312,,,,Cochabamba,BO03,Bolivia (Estado Plurinacional de),BO,2019-01-29,2021-09-21,
Mizque,BO0313,,,,Cochabamba,BO03,Bolivia (Estado Plurinacional de),BO,2019-01-29,2021-09-21,
Punata,BO0314,,,,Cochabamba,BO03,Bolivia (Estado Plurinacional de),BO,2019-01-29,2021-09-21,
Bolivar,BO0315,,,,Cochabamba,BO03,Bolivia (Estado Plurinacional de),BO,2019-01-29,2021-09-21,
Tiraque,BO0316,,,,Cochabamba,BO03,Bolivia (Estado Plurinacional de),BO,2019-01-29,2021-09-21,
Cercado,BO0401,,,,Oruro,BO04,Bolivia (Estado Plurinacional de),BO,2019-01-29,2021-09-21,
Abaroa,BO0402,,,,Oruro,BO04,Bolivia (Estado Plurinacional de),BO,2019-01-29,2021-09-21,
Carangas,BO0403,,,,Oruro,BO04,Bolivia (Estado Plurinacional de),BO,2019-01-29,2021-09-21,
Sajama,BO0404,,,,Oruro,BO04,Bolivia (Estado Plurinacional de),BO,2019-01-29,2021-09-21,
Litoral,BO0405,,,,Oruro,BO04,Bolivia (Estado Plurinacional de),BO,2019-01-29,2021-09-21,
Poopó,BO0406,Poopo,,,Oruro,BO04,Bolivia (Estado Plurinacional de),BO,2019-01-29,2021-09-21,
Pantaleón Dalence,BO0407,Pantaleon Dalence,,,Oruro,BO04,Bolivia (Estado Plurinacional de),BO,2019-01-29,2021-09-21,
Ladislao Cabrera,BO0408,,,,Oruro,BO04,Bolivia (Estado Plurinacional de),BO,2019-01-29,2021-09-21,
Sabaya,BO0409,,,,Oruro,BO04,Bolivia (Estado Plurinacional de),BO,2019-01-29,2021-09-21,
Saucarí,BO0410,Saucari,,,Oruro,BO04,Bolivia (Estado Plurinacional de),BO,2019-01-29,2021-09-21,
Tomás Barrón,BO0411,Tomas Barron,,,Oruro,BO04,Bolivia (Estado Plurinacional de),BO,2019-01-29,2021-09-21,
Sur Carangas,BO0412,,,,Oruro,BO04,Bolivia (Estado Plurinacional de),BO,2019-01-29,2021-09-21,
San Pedro de Totora,BO0413,,,,Oruro,BO04,Bolivia (Estado Plurinacional de),BO,2019-01-29,2021-09-21,
Sebastián Pagador,BO0414,Sebastian Pagador,,,Oruro,BO04,Bolivia (Estado Plurinacional de),BO,2019-01-29,2021-09-21,
Mejillones,BO0415,,,,Oruro,BO04,Bolivia (Estado Plurinacional de),BO,2019-01-29,2021-09-21,
Nor Carangas,BO0416,,,,Oruro,BO04,Bolivia (Estado Plurinacional de),BO,2019-01-29,2021-09-21,
Tomás Frías,BO0501,Tomas Frias,,,Potosí,BO05,Bolivia (Estado Plurinacional de),BO,2019-01-29,2021-09-21,
Rafael Bustillo,BO0502,,,,Potosí,BO05,Bolivia (Estado Plurinacional de),BO,2019-01-29,2021-09-21,
Cornelio Saavedra,BO0503,,,,Potosí,BO05,Bolivia (Estado Plurinacional de),BO,2019-01-29,2021-09-21,
Chayanta,BO0504,,,,Potosí,BO05,Bolivia (Estado Plurinacional de),BO,2019-01-29,2021-09-21,
Chárcas,BO0505,Charcas,,,Potosí,BO05,Bolivia (Estado Plurinacional de),BO,2019-01-29,2021-09-21,
Nor Chichas,BO0506,,,,Potosí,BO05,Bolivia (Estado Plurinacional de),BO,2019-01-29,2021-09-21,
Alonso de Ibáñez,BO0507,Alonso de Ibanez,,,Potosí,BO05,Bolivia (Estado Plurinacional de),BO,2019-01-29,2021-09-21,
Sur Chichas,BO0508,,,,Potosí,BO05,Bolivia (Estado Plurinacional de),BO,2019-01-29,2021-09-21,
Nor Lipez,BO0509,,,,Potosí,BO05,Bolivia (Estado Plurinacional de),BO,2019-01-29,2021-09-21,
Sur Lipez,BO0510,,,,Potosí,BO05,Bolivia (Estado Plurinacional de),BO,2019-01-29,2021-09-21,
José María Linares,BO0511,Jose Maria Linares,,,Potosí,BO05,Bolivia (Estado Plurinacional de),BO,2019-01-29,2021-09-21,
Antonio Quijarro,BO0512,,,,Potosí,BO05,Bolivia (Estado Plurinacional de),BO,2019-01-29,2021-09-21,
General Bilbao,BO0513,,,,Potosí,BO05,Bolivia (Estado Plurinacional de),BO,2019-01-29,2021-09-21,
Daniel Campos,BO0514,,,,Potosí,BO05,Bolivia (Estado Plurinacional de),BO,2019-01-29,2021-09-21,
Modesto Omiste,BO0515,,,,Potosí,BO05,Bolivia (Estado Plurinacional de),BO,2019-01-29,2021-09-21,
Enrique Baldivieso,BO0516,,,,Potosí,BO05,Bolivia (Estado Plurinacional de),BO,2019-01-29,2021-09-21,
Cercado,BO0601,,,,Tarija,BO06,Bolivia (Estado Plurinacional de),BO,2019-01-29,2021-09-21,
Arce,BO0602,,,,Tarija,BO06,Bolivia (Estado Plurinacional de),BO,2019-01-29,2021-09-21,
Gran Chaco,BO0603,,,,Tarija,BO06,Bolivia (Estado Plurinacional de),BO,2019-01-29,2021-09-21,
Avilés,BO0604,Aviles,,,Tarija,BO06,Bolivia (Estado Plurinacional de),BO,2019-01-29,2021-09-21,
Méndez,BO0605,Mendez,,,Tarija,BO06,Bolivia (Estado Plurinacional de),BO,2019-01-29,2021-09-21,
O'Connor,BO0606,OConnor,,,Tarija,BO06,Bolivia (Estado Plurinacional de),BO,2019-01-29,2021-09-21,
Andrés Ibáñez,BO0701,Andres Ibanez,,,Santa Cruz,BO07,Bolivia (Estado Plurinacional de),BO,2019-01-29,2021-09-21,
Warnes,BO0702,,,,Santa Cruz,BO07,Bolivia (Estado Plurinacional de),BO,2019-01-29,2021-09-21,
Velasco,BO0703,,,,Santa Cruz,BO07,Bolivia (Estado Plurinacional de),BO,2019-01-29,2021-09-21,
Ichilo,BO0704,,,,Santa Cruz,BO07,Bolivia (Estado Plurinacional de),BO,2019-01-29,2021-09-21,
Chiquitos,BO0705,,,,Santa Cruz,BO07,Bolivia (Estado Plurinacional de),BO,2019-01-29,2021-09-21,
Sara,BO0706,,,,Santa Cruz,BO07,Bolivia (Estado Plurinacional de),BO,2019-01-29,2021-09-21,
Cordillera,BO0707,,,,Santa Cruz,BO07,Bolivia (Estado Plurinacional de),BO,2019-01-29,2021-09-21,
Vallegrande,BO0708,,,,Santa Cruz,BO07,Bolivia (Estado Plurinacional de),BO,2019-01-29,2021-09-21,
Florida,BO0709,,,,Santa Cruz,BO07,Bolivia (Estado Plurinacional de),BO,2019-01-29,2021-09-21,
Obispo Santistéban,BO0710,Obispo Santisteban,,,Santa Cruz,BO07,Bolivia (Estado Plurinacional de),BO,2019-01-29,2021-09-21,
Ñuflo De Chávez,BO0711,Nuflo De Chavez,,,Santa Cruz,BO07,Bolivia (Estado Plurinacional de),BO,2019-01-29,2021-09-21,
Angel Sandoval,BO0712,,,,Santa Cruz,BO07,Bolivia (Estado Plurinacional de),BO,2019-01-29,2021-09-21,
Manuel María Caballero,BO0713,Manuel Maria Caballero,,,Santa Cruz,BO07,Bolivia (Estado Plurinacional de),BO,2019-01-29,2021-09-21,
Germán Busch,BO0714,German Busch,,,Santa Cruz,BO07,Bolivia (Estado Plurinacional de),BO,2019-01-29,2021-09-21,
Guarayos,BO0715,,,,Santa Cruz,BO07,Bolivia (Estado Plurinacional de),BO,2019-01-29,2021-09-21,
Cercado,BO0801,,,,Beni,BO08,Bolivia (Estado Plurinacional de),BO,2019-01-29,2021-09-21,
Vaca Diez,BO0802,,,,Beni,BO08,Bolivia (Estado Plurinacional de),BO,2019-01-29,2021-09-21,
General José Ballivián,BO0803,General Jose Ballivian,,,Beni,BO08,Bolivia (Estado Plurinacional de),BO,2019-01-29,2021-09-21,
Yacuma,BO0804,,,,Beni,BO08,Bolivia (Estado Plurinacional de),BO,2019-01-29,2021-09-21,
Moxos,BO0805,,,,Beni,BO08,Bolivia (Estado Plurinacional de),BO,2019-01-29,2021-09-21,
Marbán,BO0806,Marban,,,Beni,BO08,Bolivia (Estado Plurinacional de),BO,2019-01-29,2021-09-21,
Mamoré,BO0807,Mamore,,,Beni,BO08,Bolivia (Estado Plurinacional de),BO,2019-01-29,2021-09-21,
Iténez,BO0808,Itenez,,,Beni,BO08,Bolivia (Estado Plurinacional de),BO,2019-01-29,2021-09-21,
Nicolás Suárez,BO0901,Nicolas Suarez,,,Pando,BO09,Bolivia (Estado Plurinacional de),BO,2019-01-29,2021-09-21,
Manuripi,BO0902,,,,Pando,BO09,Bolivia (Estado Plurinacional de),BO,2019-01-29,2021-09-21,
Madre de Dios,BO0903,,,,Pando,BO09,Bolivia (Estado Plurinacional de),BO,2019-01-29,2021-09-21,
Abuná,BO0904,Abuna,,,Pando,BO09,Bolivia (Estado Plurinacional de),BO,2019-01-29,2021-09-21,
Federico Román,BO0905,Federico Roman,,,Pando,BO09,Bolivia (Estado Plurinacional de),BO,2019-01-29,2021-09-21,
