#adm2+name+i_en,#adm2+name+i_lo,#adm2+code+v_pcode,#adm2+name,#adm2+name+alt1+i_en,#adm2+name+alt2+i_en,#adm2+name+alt1+i_lo,#adm2+name+alt2+i_lo,#adm1+name+i_en,#adm1+name+i_lo,#adm1+code+v_pcode,#country+name+i_en,#country+name+i_lo,#country+code+v_iso2,#date+start,#date+updated,#date+end
Chanthabuly,ມ. ຈັນທະບູລີ,LA0101,,,,,,Vientiane Capital,ນະຄອນຫຼວງວຽງຈັນ,LA01,Lao People's Democratic Republic (the),ສາທາລະນະລັດ ປະຊາທ,LA,2016-03-26,2019-11-12,
Sikhottabong,ມ. ສີໂຄດຕະບອງ,LA0102,,,,,,Vientiane Capital,ນະຄອນຫຼວງວຽງຈັນ,LA01,Lao People's Democratic Republic (the),ສາທາລະນະລັດ ປະຊາທ,LA,2016-03-26,2019-11-12,
Xaysetha,ມ. ໄຊເສດຖາ,LA0103,,,,,,Vientiane Capital,ນະຄອນຫຼວງວຽງຈັນ,LA01,Lao People's Democratic Republic (the),ສາທາລະນະລັດ ປະຊາທ,LA,2016-03-26,2019-11-12,
Sisattanak,ມ. ສີສັດຕະນາກ,LA0104,,,,,,Vientiane Capital,ນະຄອນຫຼວງວຽງຈັນ,LA01,Lao People's Democratic Republic (the),ສາທາລະນະລັດ ປະຊາທ,LA,2016-03-26,2019-11-12,
Naxaithong,ມ. ນາຊາຍທອງ,LA0105,,,,,,Vientiane Capital,ນະຄອນຫຼວງວຽງຈັນ,LA01,Lao People's Democratic Republic (the),ສາທາລະນະລັດ ປະຊາທ,LA,2016-03-26,2019-11-12,
Xaythany,ມ. ໄຊທະນີ,LA0106,,,,,,Vientiane Capital,ນະຄອນຫຼວງວຽງຈັນ,LA01,Lao People's Democratic Republic (the),ສາທາລະນະລັດ ປະຊາທ,LA,2016-03-26,2019-11-12,
Hadxaifong,ມ. ຫາດຊາຍຟອງ,LA0107,,,,,,Vientiane Capital,ນະຄອນຫຼວງວຽງຈັນ,LA01,Lao People's Democratic Republic (the),ສາທາລະນະລັດ ປະຊາທ,LA,2016-03-26,2019-11-12,
Sangthong,ມ. ສັງທອງ,LA0108,,,,,,Vientiane Capital,ນະຄອນຫຼວງວຽງຈັນ,LA01,Lao People's Democratic Republic (the),ສາທາລະນະລັດ ປະຊາທ,LA,2016-03-26,2019-11-12,
Mayparkngum,ມ. ປາກງື່ມ,LA0109,,,,,,Vientiane Capital,ນະຄອນຫຼວງວຽງຈັນ,LA01,Lao People's Democratic Republic (the),ສາທາລະນະລັດ ປະຊາທ,LA,2016-03-26,2019-11-12,
Phongsaly,ມ. ຜົ້ງສາລີ,LA0201,,,,,,Phongsaly,ຜົ້ງສາລີ,LA02,Lao People's Democratic Republic (the),ສາທາລະນະລັດ ປະຊາທ,LA,2016-03-26,2019-11-12,
May,ມ. ໃໝ່,LA0202,,,,,,Phongsaly,ຜົ້ງສາລີ,LA02,Lao People's Democratic Republic (the),ສາທາລະນະລັດ ປະຊາທ,LA,2016-03-26,2019-11-12,
Khua,ມ. ຂວາ,LA0203,,,,,,Phongsaly,ຜົ້ງສາລີ,LA02,Lao People's Democratic Republic (the),ສາທາລະນະລັດ ປະຊາທ,LA,2016-03-26,2019-11-12,
Samphanh,ມ. ສຳພັນ,LA0204,,,,,,Phongsaly,ຜົ້ງສາລີ,LA02,Lao People's Democratic Republic (the),ສາທາລະນະລັດ ປະຊາທ,LA,2016-03-26,2019-11-12,
Boon Neua,ມ. ບຸນເໜືອ,LA0205,,,,,,Phongsaly,ຜົ້ງສາລີ,LA02,Lao People's Democratic Republic (the),ສາທາລະນະລັດ ປະຊາທ,LA,2016-03-26,2019-11-12,
Nhot Ou,ມ. ຍອດອູ,LA0206,,,,,,Phongsaly,ຜົ້ງສາລີ,LA02,Lao People's Democratic Republic (the),ສາທາລະນະລັດ ປະຊາທ,LA,2016-03-26,2019-11-12,
Boontay,ມ. ບຸນໃຕ້,LA0207,,,,,,Phongsaly,ຜົ້ງສາລີ,LA02,Lao People's Democratic Republic (the),ສາທາລະນະລັດ ປະຊາທ,LA,2016-03-26,2019-11-12,
Namtha,ມ. ນ້ຳທາ,LA0301,,,,,,Louangnamtha,ຫຼວງນ້ຳທາ,LA03,Lao People's Democratic Republic (the),ສາທາລະນະລັດ ປະຊາທ,LA,2016-03-26,2019-11-12,
Sing,ມ. ສິງ,LA0302,,,,,,Louangnamtha,ຫຼວງນ້ຳທາ,LA03,Lao People's Democratic Republic (the),ສາທາລະນະລັດ ປະຊາທ,LA,2016-03-26,2019-11-12,
Long,ມ. ລອງ,LA0303,,,,,,Louangnamtha,ຫຼວງນ້ຳທາ,LA03,Lao People's Democratic Republic (the),ສາທາລະນະລັດ ປະຊາທ,LA,2016-03-26,2019-11-12,
Viengphoukha,ມ. ວຽງພູຄາ,LA0304,,,,,,Louangnamtha,ຫຼວງນ້ຳທາ,LA03,Lao People's Democratic Republic (the),ສາທາລະນະລັດ ປະຊາທ,LA,2016-03-26,2019-11-12,
Nalae,ມ. ນາແລ,LA0305,,,,,,Louangnamtha,ຫຼວງນ້ຳທາ,LA03,Lao People's Democratic Republic (the),ສາທາລະນະລັດ ປະຊາທ,LA,2016-03-26,2019-11-12,
Xay,ມ. ໄຊ,LA0401,,,,,,Oudomxai,ອຸດົມໄຊ,LA04,Lao People's Democratic Republic (the),ສາທາລະນະລັດ ປະຊາທ,LA,2016-03-26,2019-11-12,
La,ມ. ຫຼາ,LA0402,,,,,,Oudomxai,ອຸດົມໄຊ,LA04,Lao People's Democratic Republic (the),ສາທາລະນະລັດ ປະຊາທ,LA,2016-03-26,2019-11-12,
Namor,ມ. ນາໝໍ້,LA0403,,,,,,Oudomxai,ອຸດົມໄຊ,LA04,Lao People's Democratic Republic (the),ສາທາລະນະລັດ ປະຊາທ,LA,2016-03-26,2019-11-12,
Nga,ມ. ງາ,LA0404,,,,,,Oudomxai,ອຸດົມໄຊ,LA04,Lao People's Democratic Republic (the),ສາທາລະນະລັດ ປະຊາທ,LA,2016-03-26,2019-11-12,
Beng,ມ. ແບງ,LA0405,,,,,,Oudomxai,ອຸດົມໄຊ,LA04,Lao People's Democratic Republic (the),ສາທາລະນະລັດ ປະຊາທ,LA,2016-03-26,2019-11-12,
Hoon,ມ. ຮຸນ,LA0406,,,,,,Oudomxai,ອຸດົມໄຊ,LA04,Lao People's Democratic Republic (the),ສາທາລະນະລັດ ປະຊາທ,LA,2016-03-26,2019-11-12,
Pakbeng,ມ. ປາກແບງ,LA0407,,,,,,Oudomxai,ອຸດົມໄຊ,LA04,Lao People's Democratic Republic (the),ສາທາລະນະລັດ ປະຊາທ,LA,2016-03-26,2019-11-12,
Huoixai,ມ. ຫ້ວຍຊາຍ,LA0501,,,,,,Bokeo,ບໍ່ແກ້ວ,LA05,Lao People's Democratic Republic (the),ສາທາລະນະລັດ ປະຊາທ,LA,2016-03-26,2019-11-12,
Tonpheung,ມ. ຕົ້ນເຜິ້ງ,LA0502,,,,,,Bokeo,ບໍ່ແກ້ວ,LA05,Lao People's Democratic Republic (the),ສາທາລະນະລັດ ປະຊາທ,LA,2016-03-26,2019-11-12,
Meung,ມ. ເມິງ,LA0503,,,,,,Bokeo,ບໍ່ແກ້ວ,LA05,Lao People's Democratic Republic (the),ສາທາລະນະລັດ ປະຊາທ,LA,2016-03-26,2019-11-12,
Pha Oudom,ມ. ຜາອຸດົມ,LA0504,,,,,,Bokeo,ບໍ່ແກ້ວ,LA05,Lao People's Democratic Republic (the),ສາທາລະນະລັດ ປະຊາທ,LA,2016-03-26,2019-11-12,
Paktha,ມ. ປາກທາ,LA0505,,,,,,Bokeo,ບໍ່ແກ້ວ,LA05,Lao People's Democratic Republic (the),ສາທາລະນະລັດ ປະຊາທ,LA,2016-03-26,2019-11-12,
Luangprabang,ມ. ຫຼວງພະບາງ,LA0601,,,,,,Louangphabang,ຫຼວງພະບາງ,LA06,Lao People's Democratic Republic (the),ສາທາລະນະລັດ ປະຊາທ,LA,2016-03-26,2019-11-12,
Xieng Ngeun,ມ. ຊຽງເງີນ,LA0602,,,,,,Louangphabang,ຫຼວງພະບາງ,LA06,Lao People's Democratic Republic (the),ສາທາລະນະລັດ ປະຊາທ,LA,2016-03-26,2019-11-12,
Nan,ມ. ນານ,LA0603,,,,,,Louangphabang,ຫຼວງພະບາງ,LA06,Lao People's Democratic Republic (the),ສາທາລະນະລັດ ປະຊາທ,LA,2016-03-26,2019-11-12,
Park Ou,ມ. ປາກອູ,LA0604,,,,,,Louangphabang,ຫຼວງພະບາງ,LA06,Lao People's Democratic Republic (the),ສາທາລະນະລັດ ປະຊາທ,LA,2016-03-26,2019-11-12,
Nambak,ມ. ນ້ຳບາກ,LA0605,,,,,,Louangphabang,ຫຼວງພະບາງ,LA06,Lao People's Democratic Republic (the),ສາທາລະນະລັດ ປະຊາທ,LA,2016-03-26,2019-11-12,
Ngoi,ມ. ງອຍ,LA0606,,,,,,Louangphabang,ຫຼວງພະບາງ,LA06,Lao People's Democratic Republic (the),ສາທາລະນະລັດ ປະຊາທ,LA,2016-03-26,2019-11-12,
Pak Xeng,ມ. ປາກແຊງ,LA0607,,,,,,Louangphabang,ຫຼວງພະບາງ,LA06,Lao People's Democratic Republic (the),ສາທາລະນະລັດ ປະຊາທ,LA,2016-03-26,2019-11-12,
Phonxay,ມ. ໂພນໄຊ,LA0608,,,,,,Louangphabang,ຫຼວງພະບາງ,LA06,Lao People's Democratic Republic (the),ສາທາລະນະລັດ ປະຊາທ,LA,2016-03-26,2019-11-12,
Chomphet,ມ. ຈອມເພັດ,LA0609,,,,,,Louangphabang,ຫຼວງພະບາງ,LA06,Lao People's Democratic Republic (the),ສາທາລະນະລັດ ປະຊາທ,LA,2016-03-26,2019-11-12,
Viengkham,ມ. ວຽງຄຳ,LA0610,,,,,,Louangphabang,ຫຼວງພະບາງ,LA06,Lao People's Democratic Republic (the),ສາທາລະນະລັດ ປະຊາທ,LA,2016-03-26,2019-11-12,
Phoukhoune,ມ. ພູຄູນ,LA0611,,,,,,Louangphabang,ຫຼວງພະບາງ,LA06,Lao People's Democratic Republic (the),ສາທາລະນະລັດ ປະຊາທ,LA,2016-03-26,2019-11-12,
Phonthong,ມ. ໂພນທອງ,LA0612,,,,,,Louangphabang,ຫຼວງພະບາງ,LA06,Lao People's Democratic Republic (the),ສາທາລະນະລັດ ປະຊາທ,LA,2016-03-26,2019-11-12,
Xamneua,ມ. ຊຳເໜືອ,LA0701,,,,,,Houaphan,ຫົວພັນ,LA07,Lao People's Democratic Republic (the),ສາທາລະນະລັດ ປະຊາທ,LA,2016-03-26,2019-11-12,
Xiengkhor,ມ. ຊຽງຄໍ້,LA0702,,,,,,Houaphan,ຫົວພັນ,LA07,Lao People's Democratic Republic (the),ສາທາລະນະລັດ ປະຊາທ,LA,2016-03-26,2019-11-12,
Hiem,ມ. ຮ້ຽມ,LA0703,,,,,,Houaphan,ຫົວພັນ,LA07,Lao People's Democratic Republic (the),ສາທາລະນະລັດ ປະຊາທ,LA,2016-03-26,2019-11-12,
Viengxay,ມ. ວຽງໄຊ,LA0704,,,,,,Houaphan,ຫົວພັນ,LA07,Lao People's Democratic Republic (the),ສາທາລະນະລັດ ປະຊາທ,LA,2016-03-26,2019-11-12,
Huameuang,ມ. ຫົວເມືອງ,LA0705,,,,,,Houaphan,ຫົວພັນ,LA07,Lao People's Democratic Republic (the),ສາທາລະນະລັດ ປະຊາທ,LA,2016-03-26,2019-11-12,
Xamtay,ມ. ຊຳໃຕ້,LA0706,,,,,,Houaphan,ຫົວພັນ,LA07,Lao People's Democratic Republic (the),ສາທາລະນະລັດ ປະຊາທ,LA,2016-03-26,2019-11-12,
Sopbao,ມ. ສົບເບົາ,LA0707,,,,,,Houaphan,ຫົວພັນ,LA07,Lao People's Democratic Republic (the),ສາທາລະນະລັດ ປະຊາທ,LA,2016-03-26,2019-11-12,
Add,ມ. ແອດ,LA0708,,,,,,Houaphan,ຫົວພັນ,LA07,Lao People's Democratic Republic (the),ສາທາລະນະລັດ ປະຊາທ,LA,2016-03-26,2019-11-12,
Kuan,ມ. ກວັນ,LA0709,,,,,,Houaphan,ຫົວພັນ,LA07,Lao People's Democratic Republic (the),ສາທາລະນະລັດ ປະຊາທ,LA,2016-03-26,2019-11-12,
Xon,ມ. ຊ່ອນ,LA0710,,,,,,Houaphan,ຫົວພັນ,LA07,Lao People's Democratic Republic (the),ສາທາລະນະລັດ ປະຊາທ,LA,2016-03-26,2019-11-12,
Xayabury,ມ. ໄຊຍະບູລີ,LA0801,,,,,,Xaignabouly,ໄຊຍະບູລີ,LA08,Lao People's Democratic Republic (the),ສາທາລະນະລັດ ປະຊາທ,LA,2016-03-26,2019-11-12,
Khop,ມ. ຄອບ,LA0802,,,,,,Xaignabouly,ໄຊຍະບູລີ,LA08,Lao People's Democratic Republic (the),ສາທາລະນະລັດ ປະຊາທ,LA,2016-03-26,2019-11-12,
Hongsa,ມ. ຫົງສາ,LA0803,,,,,,Xaignabouly,ໄຊຍະບູລີ,LA08,Lao People's Democratic Republic (the),ສາທາລະນະລັດ ປະຊາທ,LA,2016-03-26,2019-11-12,
Ngeun,ມ. ເງີນ,LA0804,,,,,,Xaignabouly,ໄຊຍະບູລີ,LA08,Lao People's Democratic Republic (the),ສາທາລະນະລັດ ປະຊາທ,LA,2016-03-26,2019-11-12,
Xienghone,ມ. ຊຽງຮ່ອນ,LA0805,,,,,,Xaignabouly,ໄຊຍະບູລີ,LA08,Lao People's Democratic Republic (the),ສາທາລະນະລັດ ປະຊາທ,LA,2016-03-26,2019-11-12,
Phiang,ມ. ພຽງ,LA0806,,,,,,Xaignabouly,ໄຊຍະບູລີ,LA08,Lao People's Democratic Republic (the),ສາທາລະນະລັດ ປະຊາທ,LA,2016-03-26,2019-11-12,
Parklai,ມ. ປາກລາຍ,LA0807,,,,,,Xaignabouly,ໄຊຍະບູລີ,LA08,Lao People's Democratic Republic (the),ສາທາລະນະລັດ ປະຊາທ,LA,2016-03-26,2019-11-12,
Kenethao,ມ. ແກ່ນທ້າວ,LA0808,,,,,,Xaignabouly,ໄຊຍະບູລີ,LA08,Lao People's Democratic Republic (the),ສາທາລະນະລັດ ປະຊາທ,LA,2016-03-26,2019-11-12,
Botene,ມ. ບໍ່ແຕນ,LA0809,,,,,,Xaignabouly,ໄຊຍະບູລີ,LA08,Lao People's Democratic Republic (the),ສາທາລະນະລັດ ປະຊາທ,LA,2016-03-26,2019-11-12,
Thongmyxay,ມ. ທົ່ງມີໄຊ,LA0810,,,,,,Xaignabouly,ໄຊຍະບູລີ,LA08,Lao People's Democratic Republic (the),ສາທາລະນະລັດ ປະຊາທ,LA,2016-03-26,2019-11-12,
Xaysathan,ມ. ໄຊສະຖານ,LA0811,,,,,,Xaignabouly,ໄຊຍະບູລີ,LA08,Lao People's Democratic Republic (the),ສາທາລະນະລັດ ປະຊາທ,LA,2016-03-26,2019-11-12,
Pek,ມ. ແປກ,LA0901,,,,,,Xiengkhouang,ຊຽງຂວາງ,LA09,Lao People's Democratic Republic (the),ສາທາລະນະລັດ ປະຊາທ,LA,2016-03-26,2019-11-12,
Kham,ມ. ຄຳ,LA0902,,,,,,Xiengkhouang,ຊຽງຂວາງ,LA09,Lao People's Democratic Republic (the),ສາທາລະນະລັດ ປະຊາທ,LA,2016-03-26,2019-11-12,
Nonghed,ມ. ໜອງແຣດ,LA0903,,,,,,Xiengkhouang,ຊຽງຂວາງ,LA09,Lao People's Democratic Republic (the),ສາທາລະນະລັດ ປະຊາທ,LA,2016-03-26,2019-11-12,
Khoune,ມ. ຄູນ,LA0904,,,,,,Xiengkhouang,ຊຽງຂວາງ,LA09,Lao People's Democratic Republic (the),ສາທາລະນະລັດ ປະຊາທ,LA,2016-03-26,2019-11-12,
Mork,ມ. ໜອກໄມ,LA0905,,,,,,Xiengkhouang,ຊຽງຂວາງ,LA09,Lao People's Democratic Republic (the),ສາທາລະນະລັດ ປະຊາທ,LA,2016-03-26,2019-11-12,
Phookood,ມ. ພູກູດ,LA0906,,,,,,Xiengkhouang,ຊຽງຂວາງ,LA09,Lao People's Democratic Republic (the),ສາທາລະນະລັດ ປະຊາທ,LA,2016-03-26,2019-11-12,
Phaxay,ມ. ຜາໄຊ,LA0907,,,,,,Xiengkhouang,ຊຽງຂວາງ,LA09,Lao People's Democratic Republic (the),ສາທາລະນະລັດ ປະຊາທ,LA,2016-03-26,2019-11-12,
Phonhong,ມ. ໂພນໂຮງ,LA1001,,,,,,Vientiane,ວຽງຈັນ,LA10,Lao People's Democratic Republic (the),ສາທາລະນະລັດ ປະຊາທ,LA,2016-03-26,2019-11-12,
Thoulakhom,ມ. ທຸລະຄົມ,LA1002,,,,,,Vientiane,ວຽງຈັນ,LA10,Lao People's Democratic Republic (the),ສາທາລະນະລັດ ປະຊາທ,LA,2016-03-26,2019-11-12,
Keo Oudom,ມ. ແກ້ວອຸດົມ,LA1003,,,,,,Vientiane,ວຽງຈັນ,LA10,Lao People's Democratic Republic (the),ສາທາລະນະລັດ ປະຊາທ,LA,2016-03-26,2019-11-12,
Kasy,ມ. ກາສີ,LA1004,,,,,,Vientiane,ວຽງຈັນ,LA10,Lao People's Democratic Republic (the),ສາທາລະນະລັດ ປະຊາທ,LA,2016-03-26,2019-11-12,
Vangvieng,ມ. ວັງວຽງ,LA1005,,,,,,Vientiane,ວຽງຈັນ,LA10,Lao People's Democratic Republic (the),ສາທາລະນະລັດ ປະຊາທ,LA,2016-03-26,2019-11-12,
Feuang,ມ. ເຟືອງ,LA1006,,,,,,Vientiane,ວຽງຈັນ,LA10,Lao People's Democratic Republic (the),ສາທາລະນະລັດ ປະຊາທ,LA,2016-03-26,2019-11-12,
Xanakharm,ມ. ຊະນະຄາມ,LA1007,,,,,,Vientiane,ວຽງຈັນ,LA10,Lao People's Democratic Republic (the),ສາທາລະນະລັດ ປະຊາທ,LA,2016-03-26,2019-11-12,
Mad,ມ. ແມດ,LA1008,,,,,,Vientiane,ວຽງຈັນ,LA10,Lao People's Democratic Republic (the),ສາທາລະນະລັດ ປະຊາທ,LA,2016-03-26,2019-11-12,
Viengkham,ມ. ວຽງຄຳ,LA1009,,,,,,Vientiane,ວຽງຈັນ,LA10,Lao People's Democratic Republic (the),ສາທາລະນະລັດ ປະຊາທ,LA,2016-03-26,2019-11-12,
Hinherb,ມ. ຫີນເຫີບ,LA1010,,,,,,Vientiane,ວຽງຈັນ,LA10,Lao People's Democratic Republic (the),ສາທາລະນະລັດ ປະຊາທ,LA,2016-03-26,2019-11-12,
Meun,ມ. ໜື່ນ,LA1013,,,,,,Vientiane,ວຽງຈັນ,LA10,Lao People's Democratic Republic (the),ສາທາລະນະລັດ ປະຊາທ,LA,2016-03-26,2019-11-12,
Pakxane,ມ. ປາກຊັນ,LA1101,,,,,,Bolikhamxai,ບໍລິຄຳໄຊ,LA11,Lao People's Democratic Republic (the),ສາທາລະນະລັດ ປະຊາທ,LA,2016-03-26,2019-11-12,
Thaphabath,ມ. ທ່າພະບາດ,LA1102,,,,,,Bolikhamxai,ບໍລິຄຳໄຊ,LA11,Lao People's Democratic Republic (the),ສາທາລະນະລັດ ປະຊາທ,LA,2016-03-26,2019-11-12,
Pakkading,ມ. ປາກກະດິງ,LA1103,,,,,,Bolikhamxai,ບໍລິຄຳໄຊ,LA11,Lao People's Democratic Republic (the),ສາທາລະນະລັດ ປະຊາທ,LA,2016-03-26,2019-11-12,
Bolikhanh,ມ. ບໍລິຄັນ,LA1104,,,,,,Bolikhamxai,ບໍລິຄຳໄຊ,LA11,Lao People's Democratic Republic (the),ສາທາລະນະລັດ ປະຊາທ,LA,2016-03-26,2019-11-12,
Khamkeuth,ມ. ຄຳເກີດ,LA1105,,,,,,Bolikhamxai,ບໍລິຄຳໄຊ,LA11,Lao People's Democratic Republic (the),ສາທາລະນະລັດ ປະຊາທ,LA,2016-03-26,2019-11-12,
Viengthong,ມ. ວຽງທອງ,LA1106,,,,,,Bolikhamxai,ບໍລິຄຳໄຊ,LA11,Lao People's Democratic Republic (the),ສາທາລະນະລັດ ປະຊາທ,LA,2016-03-26,2019-11-12,
Xaychamphone,ມ. ໄຊຈຳພອນ,LA1107,,,,,,Bolikhamxai,ບໍລິຄຳໄຊ,LA11,Lao People's Democratic Republic (the),ສາທາລະນະລັດ ປະຊາທ,LA,2016-03-26,2019-11-12,
Thakhek,ມ. ທ່າແຂກ,LA1201,,,,,,Khammouan,ຄຳມ່ວນ,LA12,Lao People's Democratic Republic (the),ສາທາລະນະລັດ ປະຊາທ,LA,2016-03-26,2019-11-12,
Mahaxay,ມ. ມະຫາໄຊ,LA1202,,,,,,Khammouan,ຄຳມ່ວນ,LA12,Lao People's Democratic Republic (the),ສາທາລະນະລັດ ປະຊາທ,LA,2016-03-26,2019-11-12,
Nongbok,ມ. ໝອງບົກ,LA1203,,,,,,Khammouan,ຄຳມ່ວນ,LA12,Lao People's Democratic Republic (the),ສາທາລະນະລັດ ປະຊາທ,LA,2016-03-26,2019-11-12,
Hinboon,ມ. ຫີນບູນ,LA1204,,,,,,Khammouan,ຄຳມ່ວນ,LA12,Lao People's Democratic Republic (the),ສາທາລະນະລັດ ປະຊາທ,LA,2016-03-26,2019-11-12,
Nhommalath,ມ. ຍົມມະລາດ,LA1205,,,,,,Khammouan,ຄຳມ່ວນ,LA12,Lao People's Democratic Republic (the),ສາທາລະນະລັດ ປະຊາທ,LA,2016-03-26,2019-11-12,
Bualapha,ມ. ບົວລະພາ,LA1206,,,,,,Khammouan,ຄຳມ່ວນ,LA12,Lao People's Democratic Republic (the),ສາທາລະນະລັດ ປະຊາທ,LA,2016-03-26,2019-11-12,
Nakay,ມ. ນາກາຍ,LA1207,,,,,,Khammouan,ຄຳມ່ວນ,LA12,Lao People's Democratic Republic (the),ສາທາລະນະລັດ ປະຊາທ,LA,2016-03-26,2019-11-12,
Xebangfay,ມ. ເຊບັ້ງໄຟ,LA1208,,,,,,Khammouan,ຄຳມ່ວນ,LA12,Lao People's Democratic Republic (the),ສາທາລະນະລັດ ປະຊາທ,LA,2016-03-26,2019-11-12,
Xaybuathong,ມ. ໄຊບົວທອງ,LA1209,,,,,,Khammouan,ຄຳມ່ວນ,LA12,Lao People's Democratic Republic (the),ສາທາລະນະລັດ ປະຊາທ,LA,2016-03-26,2019-11-12,
Khounkham,ມ. ຄຼນຄຳ,LA1210,,,,,,Khammouan,ຄຳມ່ວນ,LA12,Lao People's Democratic Republic (the),ສາທາລະນະລັດ ປະຊາທ,LA,2016-03-26,2019-11-12,
Kaysone Phomvihane,ມ. ໄກສອນພົມວິຫານ,LA1301,,,,,,Savannakhet,ສະຫວັນນະເຂດ,LA13,Lao People's Democratic Republic (the),ສາທາລະນະລັດ ປະຊາທ,LA,2016-03-26,2019-11-12,
Outhoomphone,ມ. ອຸທຸມພອນ,LA1302,,,,,,Savannakhet,ສະຫວັນນະເຂດ,LA13,Lao People's Democratic Republic (the),ສາທາລະນະລັດ ປະຊາທ,LA,2016-03-26,2019-11-12,
Atsaphangthong,ມ. ອາດສະພັງທອງ,LA1303,,,,,,Savannakhet,ສະຫວັນນະເຂດ,LA13,Lao People's Democratic Republic (the),ສາທາລະນະລັດ ປະຊາທ,LA,2016-03-26,2019-11-12,
Phine,ມ. ພິນ,LA1304,,,,,,Savannakhet,ສະຫວັນນະເຂດ,LA13,Lao People's Democratic Republic (the),ສາທາລະນະລັດ ປະຊາທ,LA,2016-03-26,2019-11-12,
Sepone,ມ. ເຊໂປນ,LA1305,,,,,,Savannakhet,ສະຫວັນນະເຂດ,LA13,Lao People's Democratic Republic (the),ສາທາລະນະລັດ ປະຊາທ,LA,2016-03-26,2019-11-12,
Nong,ມ. ໜອງ,LA1306,,,,,,Savannakhet,ສະຫວັນນະເຂດ,LA13,Lao People's Democratic Republic (the),ສາທາລະນະລັດ ປະຊາທ,LA,2016-03-26,2019-11-12,
Thapangthong,ມ. ທາພັງທອງ,LA1307,,,,,,Savannakhet,ສະຫວັນນະເຂດ,LA13,Lao People's Democratic Republic (the),ສາທາລະນະລັດ ປະຊາທ,LA,2016-03-26,2019-11-12,
Songkhone,ມ. ສອງຄອນ,LA1308,,,,,,Savannakhet,ສະຫວັນນະເຂດ,LA13,Lao People's Democratic Republic (the),ສາທາລະນະລັດ ປະຊາທ,LA,2016-03-26,2019-11-12,
Champhone,ມ. ຈຳພອນ,LA1309,,,,,,Savannakhet,ສະຫວັນນະເຂດ,LA13,Lao People's Democratic Republic (the),ສາທາລະນະລັດ ປະຊາທ,LA,2016-03-26,2019-11-12,
Xonbuly,ມ. ຊົນບູລີ,LA1310,,,,,,Savannakhet,ສະຫວັນນະເຂດ,LA13,Lao People's Democratic Republic (the),ສາທາລະນະລັດ ປະຊາທ,LA,2016-03-26,2019-11-12,
Xaybuly,ມ. ໄຊບູລີ,LA1311,,,,,,Savannakhet,ສະຫວັນນະເຂດ,LA13,Lao People's Democratic Republic (the),ສາທາລະນະລັດ ປະຊາທ,LA,2016-03-26,2019-11-12,
Vilabuly,ມ. ວິລະບູລີ,LA1312,,,,,,Savannakhet,ສະຫວັນນະເຂດ,LA13,Lao People's Democratic Republic (the),ສາທາລະນະລັດ ປະຊາທ,LA,2016-03-26,2019-11-12,
Atsaphone,ມ. ອາດສະພອນ,LA1313,,,,,,Savannakhet,ສະຫວັນນະເຂດ,LA13,Lao People's Democratic Republic (the),ສາທາລະນະລັດ ປະຊາທ,LA,2016-03-26,2019-11-12,
Xayphoothong,ມ. ໄຊພູທອງ,LA1314,,,,,,Savannakhet,ສະຫວັນນະເຂດ,LA13,Lao People's Democratic Republic (the),ສາທາລະນະລັດ ປະຊາທ,LA,2016-03-26,2019-11-12,
Phalanxay,ມ. ພະລານໄຊ,LA1315,,,,,,Savannakhet,ສະຫວັນນະເຂດ,LA13,Lao People's Democratic Republic (the),ສາທາລະນະລັດ ປະຊາທ,LA,2016-03-26,2019-11-12,
Saravane,ມ. ສາລະວັນ,LA1401,,,,,,Salavan,ສາລະວັນ,LA14,Lao People's Democratic Republic (the),ສາທາລະນະລັດ ປະຊາທ,LA,2016-03-26,2019-11-12,
Ta Oi,ມ. ຕະໂອ່ຍ,LA1402,,,,,,Salavan,ສາລະວັນ,LA14,Lao People's Democratic Republic (the),ສາທາລະນະລັດ ປະຊາທ,LA,2016-03-26,2019-11-12,
Toomlarn,ມ. ຕຸ້ມລານ,LA1403,,,,,,Salavan,ສາລະວັນ,LA14,Lao People's Democratic Republic (the),ສາທາລະນະລັດ ປະຊາທ,LA,2016-03-26,2019-11-12,
Lakhonepheng,ມ. ລະຄອນເພງ,LA1404,,,,,,Salavan,ສາລະວັນ,LA14,Lao People's Democratic Republic (the),ສາທາລະນະລັດ ປະຊາທ,LA,2016-03-26,2019-11-12,
Vapy,ມ. ວາປີ,LA1405,,,,,,Salavan,ສາລະວັນ,LA14,Lao People's Democratic Republic (the),ສາທາລະນະລັດ ປະຊາທ,LA,2016-03-26,2019-11-12,
Khongxedone,ມ. ໂຄງເຊໂດນ,LA1406,,,,,,Salavan,ສາລະວັນ,LA14,Lao People's Democratic Republic (the),ສາທາລະນະລັດ ປະຊາທ,LA,2016-03-26,2019-11-12,
Lao Ngarm,ມ. ເລົ່າງາມ,LA1407,,,,,,Salavan,ສາລະວັນ,LA14,Lao People's Democratic Republic (the),ສາທາລະນະລັດ ປະຊາທ,LA,2016-03-26,2019-11-12,
Samuoi,ມ. ສະໝ້ວຍ,LA1408,,,,,,Salavan,ສາລະວັນ,LA14,Lao People's Democratic Republic (the),ສາທາລະນະລັດ ປະຊາທ,LA,2016-03-26,2019-11-12,
Lamarm,ມ. ລະມາມ,LA1501,,,,,,Sekong,ເຊກອງ,LA15,Lao People's Democratic Republic (the),ສາທາລະນະລັດ ປະຊາທ,LA,2016-03-26,2019-11-12,
Kaleum,ມ. ກະເລິມ,LA1502,,,,,,Sekong,ເຊກອງ,LA15,Lao People's Democratic Republic (the),ສາທາລະນະລັດ ປະຊາທ,LA,2016-03-26,2019-11-12,
Dakcheung,ມ. ດັກຈຶງ,LA1503,,,,,,Sekong,ເຊກອງ,LA15,Lao People's Democratic Republic (the),ສາທາລະນະລັດ ປະຊາທ,LA,2016-03-26,2019-11-12,
Thateng,ມ. ທ່າແຕງ,LA1504,,,,,,Sekong,ເຊກອງ,LA15,Lao People's Democratic Republic (the),ສາທາລະນະລັດ ປະຊາທ,LA,2016-03-26,2019-11-12,
Pakse,ມ. ປາກເຊ,LA1601,,,,,,Champasack,ຈຳປາສັກ,LA16,Lao People's Democratic Republic (the),ສາທາລະນະລັດ ປະຊາທ,LA,2016-03-26,2019-11-12,
Sanasomboon,ມ. ຊະນະສົມບູນ,LA1602,,,,,,Champasack,ຈຳປາສັກ,LA16,Lao People's Democratic Republic (the),ສາທາລະນະລັດ ປະຊາທ,LA,2016-03-26,2019-11-12,
Bachiangchaleunsook,ມ. ບາຈຽງຈະເລີນສຸກ,LA1603,,,,,,Champasack,ຈຳປາສັກ,LA16,Lao People's Democratic Republic (the),ສາທາລະນະລັດ ປະຊາທ,LA,2016-03-26,2019-11-12,
Paksxong,ມ. ປາກຊ່ອງ,LA1604,,,,,,Champasack,ຈຳປາສັກ,LA16,Lao People's Democratic Republic (the),ສາທາລະນະລັດ ປະຊາທ,LA,2016-03-26,2019-11-12,
Pathoomphone,ມ. ປະທຸມພອນ,LA1605,,,,,,Champasack,ຈຳປາສັກ,LA16,Lao People's Democratic Republic (the),ສາທາລະນະລັດ ປະຊາທ,LA,2016-03-26,2019-11-12,
Phonthong,ມ. ໂພນທອງ,LA1606,,,,,,Champasack,ຈຳປາສັກ,LA16,Lao People's Democratic Republic (the),ສາທາລະນະລັດ ປະຊາທ,LA,2016-03-26,2019-11-12,
Champasack,ມ. ຈຳປາສັກ,LA1607,,,,,,Champasack,ຈຳປາສັກ,LA16,Lao People's Democratic Republic (the),ສາທາລະນະລັດ ປະຊາທ,LA,2016-03-26,2019-11-12,
Sukhuma,ມ. ສຸຂຸມາ,LA1608,,,,,,Champasack,ຈຳປາສັກ,LA16,Lao People's Democratic Republic (the),ສາທາລະນະລັດ ປະຊາທ,LA,2016-03-26,2019-11-12,
Moonlapamok,ມ. ມູນລະປະໂມກ,LA1609,,,,,,Champasack,ຈຳປາສັກ,LA16,Lao People's Democratic Republic (the),ສາທາລະນະລັດ ປະຊາທ,LA,2016-03-26,2019-11-12,
Khong,ມ. ໂຂງ,LA1610,,,,,,Champasack,ຈຳປາສັກ,LA16,Lao People's Democratic Republic (the),ສາທາລະນະລັດ ປະຊາທ,LA,2016-03-26,2019-11-12,
Xaysetha,ມ. ໄຊເສດຖາ,LA1701,,,,,,Attapeu,ອັດຕະປື,LA17,Lao People's Democratic Republic (the),ສາທາລະນະລັດ ປະຊາທ,LA,2016-03-26,2019-11-12,
Samakkhixay,ມ. ສາມັກຄີໄຊ,LA1702,,,,,,Attapeu,ອັດຕະປື,LA17,Lao People's Democratic Republic (the),ສາທາລະນະລັດ ປະຊາທ,LA,2016-03-26,2019-11-12,
Sanamxay,ມ. ສະໜາມໄຊ,LA1703,,,,,,Attapeu,ອັດຕະປື,LA17,Lao People's Democratic Republic (the),ສາທາລະນະລັດ ປະຊາທ,LA,2016-03-26,2019-11-12,
Sanxay,ມ. ຊານໄຊ,LA1704,,,,,,Attapeu,ອັດຕະປື,LA17,Lao People's Democratic Republic (the),ສາທາລະນະລັດ ປະຊາທ,LA,2016-03-26,2019-11-12,
Phouvong,ມ. ພູວົງ,LA1705,,,,,,Attapeu,ອັດຕະປື,LA17,Lao People's Democratic Republic (the),ສາທາລະນະລັດ ປະຊາທ,LA,2016-03-26,2019-11-12,
Anouvong,ມ. ອະນຸວົງ,LA1801,,,,,,Xaisomboon,ໄຊສົມບູນ,LA18,Lao People's Democratic Republic (the),ສາທາລະນະລັດ ປະຊາທ,LA,2016-03-26,2019-11-12,
Thathom,ມ. ທາໂທມ,LA1802,,,,,,Xaisomboon,ໄຊສົມບູນ,LA18,Lao People's Democratic Republic (the),ສາທາລະນະລັດ ປະຊາທ,LA,2016-03-26,2019-11-12,
Longsane,ມ. ລ້ອງຊານ,LA1803,,,,,,Xaisomboon,ໄຊສົມບູນ,LA18,Lao People's Democratic Republic (the),ສາທາລະນະລັດ ປະຊາທ,LA,2016-03-26,2019-11-12,
Home,ມ. ຮົ່ມ,LA1804,,,,,,Xaisomboon,ໄຊສົມບູນ,LA18,Lao People's Democratic Republic (the),ສາທາລະນະລັດ ປະຊາທ,LA,2016-03-26,2019-11-12,
Longcheng,ມ. ລ້ອງແຈ້ງ,LA1805,,,,,,Xaisomboon,ໄຊສົມບູນ,LA18,Lao People's Democratic Republic (the),ສາທາລະນະລັດ ປະຊາທ,LA,2016-03-26,2019-11-12,
