#adm2+name+i_en,#adm2+name+i_tr,#adm2+code+v_pcode,#adm2+name,#adm2+name+alt1+i_en,#adm2+name+alt2+i_en,#adm2+name+alt1+i_tr,#adm2+name+alt2+i_tr,#adm1+name+i_en,#adm1+name+i_tr,#adm1+code+v_pcode,#country+name+i_en,#country+name+i_tr,#country+code+v_iso2,#date+start,#date+updated,#date+end
Aladag,Aladağ,TR001001,,,,,,Adana,Adana,TR001,Turkey,Türkiye,TR,2022-01-01,2022-03-15,
Ceyhan,Ceyhan,TR001002,,,,,,Adana,Adana,TR001,Turkey,Türkiye,TR,2022-01-01,2022-03-15,
Cukurova,Çukurova,TR001003,,,,,,Adana,Adana,TR001,Turkey,Türkiye,TR,2022-01-01,2022-03-15,
Feke,Feke,TR001004,,,,,,Adana,Adana,TR001,Turkey,Türkiye,TR,2022-01-01,2022-03-15,
Imamoglu,Imamoğlu,TR001005,,,,,,Adana,Adana,TR001,Turkey,Türkiye,TR,2022-01-01,2022-03-15,
Karaisali,Karaisali,TR001006,,,,,,Adana,Adana,TR001,Turkey,Türkiye,TR,2022-01-01,2022-03-15,
Karatas,Karataş,TR001007,,,,,,Adana,Adana,TR001,Turkey,Türkiye,TR,2022-01-01,2022-03-15,
Kozan,Kozan,TR001008,,,,,,Adana,Adana,TR001,Turkey,Türkiye,TR,2022-01-01,2022-03-15,
Pozanti,Pozanti,TR001009,,,,,,Adana,Adana,TR001,Turkey,Türkiye,TR,2022-01-01,2022-03-15,
Saimbeyli,Saimbeyli,TR001010,,,,,,Adana,Adana,TR001,Turkey,Türkiye,TR,2022-01-01,2022-03-15,
Saricam,Sariçam,TR001011,,,,,,Adana,Adana,TR001,Turkey,Türkiye,TR,2022-01-01,2022-03-15,
Seyhan,Seyhan,TR001012,,,,,,Adana,Adana,TR001,Turkey,Türkiye,TR,2022-01-01,2022-03-15,
Tufanbeyli,Tufanbeyli,TR001013,,,,,,Adana,Adana,TR001,Turkey,Türkiye,TR,2022-01-01,2022-03-15,
Yumurtalik,Yumurtalik,TR001014,,,,,,Adana,Adana,TR001,Turkey,Türkiye,TR,2022-01-01,2022-03-15,
Yuregir,Yüreğir,TR001015,,,,,,Adana,Adana,TR001,Turkey,Türkiye,TR,2022-01-01,2022-03-15,
Adiyaman,Adiyaman,TR002001,,,,,,Adiyaman,Adiyaman,TR002,Turkey,Türkiye,TR,2022-01-01,2022-03-15,
Besni,Besni,TR002002,,,,,,Adiyaman,Adiyaman,TR002,Turkey,Türkiye,TR,2022-01-01,2022-03-15,
Celikhan,Çelikhan,TR002003,,,,,,Adiyaman,Adiyaman,TR002,Turkey,Türkiye,TR,2022-01-01,2022-03-15,
Gerger,Gerger,TR002004,,,,,,Adiyaman,Adiyaman,TR002,Turkey,Türkiye,TR,2022-01-01,2022-03-15,
Golbasi,Gölbaşi,TR002005,,,,,,Adiyaman,Adiyaman,TR002,Turkey,Türkiye,TR,2022-01-01,2022-03-15,
Kahta,Kahta,TR002006,,,,,,Adiyaman,Adiyaman,TR002,Turkey,Türkiye,TR,2022-01-01,2022-03-15,
Samsat,Samsat,TR002007,,,,,,Adiyaman,Adiyaman,TR002,Turkey,Türkiye,TR,2022-01-01,2022-03-15,
Sincik,Sincik,TR002008,,,,,,Adiyaman,Adiyaman,TR002,Turkey,Türkiye,TR,2022-01-01,2022-03-15,
Tut,Tut,TR002009,,,,,,Adiyaman,Adiyaman,TR002,Turkey,Türkiye,TR,2022-01-01,2022-03-15,
Afyonkarahisar,Afyonkarahisar,TR003001,,,,,,Afyonkarahisar,Afyonkarahisar,TR003,Turkey,Türkiye,TR,2022-01-01,2022-03-15,
Basmakci,Başmakçi,TR003002,,,,,,Afyonkarahisar,Afyonkarahisar,TR003,Turkey,Türkiye,TR,2022-01-01,2022-03-15,
Bayat,Bayat,TR003003,,,,,,Afyonkarahisar,Afyonkarahisar,TR003,Turkey,Türkiye,TR,2022-01-01,2022-03-15,
Bolvadin,Bolvadin,TR003004,,,,,,Afyonkarahisar,Afyonkarahisar,TR003,Turkey,Türkiye,TR,2022-01-01,2022-03-15,
Cay,Çay,TR003005,,,,,,Afyonkarahisar,Afyonkarahisar,TR003,Turkey,Türkiye,TR,2022-01-01,2022-03-15,
Cobanlar,Çobanlar,TR003006,,,,,,Afyonkarahisar,Afyonkarahisar,TR003,Turkey,Türkiye,TR,2022-01-01,2022-03-15,
Dazkiri,Dazkiri,TR003007,,,,,,Afyonkarahisar,Afyonkarahisar,TR003,Turkey,Türkiye,TR,2022-01-01,2022-03-15,
Dinar,Dinar,TR003008,,,,,,Afyonkarahisar,Afyonkarahisar,TR003,Turkey,Türkiye,TR,2022-01-01,2022-03-15,
Emirdag,Emirdağ,TR003009,,,,,,Afyonkarahisar,Afyonkarahisar,TR003,Turkey,Türkiye,TR,2022-01-01,2022-03-15,
Evciler,Evciler,TR003010,,,,,,Afyonkarahisar,Afyonkarahisar,TR003,Turkey,Türkiye,TR,2022-01-01,2022-03-15,
Hocalar,Hocalar,TR003011,,,,,,Afyonkarahisar,Afyonkarahisar,TR003,Turkey,Türkiye,TR,2022-01-01,2022-03-15,
Ihsaniye,Ihsaniye,TR003012,,,,,,Afyonkarahisar,Afyonkarahisar,TR003,Turkey,Türkiye,TR,2022-01-01,2022-03-15,
Iscehisar,Iscehisar,TR003013,,,,,,Afyonkarahisar,Afyonkarahisar,TR003,Turkey,Türkiye,TR,2022-01-01,2022-03-15,
Kiziloren,Kizilören,TR003014,,,,,,Afyonkarahisar,Afyonkarahisar,TR003,Turkey,Türkiye,TR,2022-01-01,2022-03-15,
Sandikli,Sandikli,TR003015,,,,,,Afyonkarahisar,Afyonkarahisar,TR003,Turkey,Türkiye,TR,2022-01-01,2022-03-15,
Sinanpasa,Sinanpaşa,TR003016,,,,,,Afyonkarahisar,Afyonkarahisar,TR003,Turkey,Türkiye,TR,2022-01-01,2022-03-15,
Sultandagi,Sultandaği,TR003017,,,,,,Afyonkarahisar,Afyonkarahisar,TR003,Turkey,Türkiye,TR,2022-01-01,2022-03-15,
Suhut,Şuhut,TR003018,,,,,,Afyonkarahisar,Afyonkarahisar,TR003,Turkey,Türkiye,TR,2022-01-01,2022-03-15,
Agri,Ağri,TR004001,,,,,,Agri,Ağri,TR004,Turkey,Türkiye,TR,2022-01-01,2022-03-15,
Diyadin,Diyadin,TR004002,,,,,,Agri,Ağri,TR004,Turkey,Türkiye,TR,2022-01-01,2022-03-15,
Dogubayazit,Doğubayazit,TR004003,,,,,,Agri,Ağri,TR004,Turkey,Türkiye,TR,2022-01-01,2022-03-15,
Eleskirt,Eleşkirt,TR004004,,,,,,Agri,Ağri,TR004,Turkey,Türkiye,TR,2022-01-01,2022-03-15,
Hamur,Hamur,TR004005,,,,,,Agri,Ağri,TR004,Turkey,Türkiye,TR,2022-01-01,2022-03-15,
Patnos,Patnos,TR004006,,,,,,Agri,Ağri,TR004,Turkey,Türkiye,TR,2022-01-01,2022-03-15,
Taslicay,Taşliçay,TR004007,,,,,,Agri,Ağri,TR004,Turkey,Türkiye,TR,2022-01-01,2022-03-15,
Tutak,Tutak,TR004008,,,,,,Agri,Ağri,TR004,Turkey,Türkiye,TR,2022-01-01,2022-03-15,
Amasya,Amasya,TR005001,,,,,,Amasya,Amasya,TR005,Turkey,Türkiye,TR,2022-01-01,2022-03-15,
Goynucek,Göynücek,TR005002,,,,,,Amasya,Amasya,TR005,Turkey,Türkiye,TR,2022-01-01,2022-03-15,
Gumushacikoy,Gümüşhaciköy,TR005003,,,,,,Amasya,Amasya,TR005,Turkey,Türkiye,TR,2022-01-01,2022-03-15,
Hamamozu,Hamamözü,TR005004,,,,,,Amasya,Amasya,TR005,Turkey,Türkiye,TR,2022-01-01,2022-03-15,
Merzifon,Merzifon,TR005005,,,,,,Amasya,Amasya,TR005,Turkey,Türkiye,TR,2022-01-01,2022-03-15,
Suluova,Suluova,TR005006,,,,,,Amasya,Amasya,TR005,Turkey,Türkiye,TR,2022-01-01,2022-03-15,
Tasova,Taşova,TR005007,,,,,,Amasya,Amasya,TR005,Turkey,Türkiye,TR,2022-01-01,2022-03-15,
Akyurt,Akyurt,TR006001,,,,,,Ankara,Ankara,TR006,Turkey,Türkiye,TR,2022-01-01,2022-03-15,
Altindag,Altindağ,TR006002,,,,,,Ankara,Ankara,TR006,Turkey,Türkiye,TR,2022-01-01,2022-03-15,
Ayas,Ayaş,TR006003,,,,,,Ankara,Ankara,TR006,Turkey,Türkiye,TR,2022-01-01,2022-03-15,
Bala,Bala,TR006004,,,,,,Ankara,Ankara,TR006,Turkey,Türkiye,TR,2022-01-01,2022-03-15,
Beypazari,Beypazari,TR006005,,,,,,Ankara,Ankara,TR006,Turkey,Türkiye,TR,2022-01-01,2022-03-15,
Camlidere,Çamlidere,TR006006,,,,,,Ankara,Ankara,TR006,Turkey,Türkiye,TR,2022-01-01,2022-03-15,
Cankaya,Çankaya,TR006007,,,,,,Ankara,Ankara,TR006,Turkey,Türkiye,TR,2022-01-01,2022-03-15,
Cubuk,Çubuk,TR006008,,,,,,Ankara,Ankara,TR006,Turkey,Türkiye,TR,2022-01-01,2022-03-15,
Elmadag,Elmadağ,TR006009,,,,,,Ankara,Ankara,TR006,Turkey,Türkiye,TR,2022-01-01,2022-03-15,
Etimesgut,Etimesgut,TR006010,,,,,,Ankara,Ankara,TR006,Turkey,Türkiye,TR,2022-01-01,2022-03-15,
Evren,Evren,TR006011,,,,,,Ankara,Ankara,TR006,Turkey,Türkiye,TR,2022-01-01,2022-03-15,
Golbasi,Gölbaşi,TR006012,,,,,,Ankara,Ankara,TR006,Turkey,Türkiye,TR,2022-01-01,2022-03-15,
Gudul,Güdül,TR006013,,,,,,Ankara,Ankara,TR006,Turkey,Türkiye,TR,2022-01-01,2022-03-15,
Haymana,Haymana,TR006014,,,,,,Ankara,Ankara,TR006,Turkey,Türkiye,TR,2022-01-01,2022-03-15,
Kahramankazan,Kahramankazan,TR006015,,,,,,Ankara,Ankara,TR006,Turkey,Türkiye,TR,2022-01-01,2022-03-15,
Kalecik,Kalecik,TR006016,,,,,,Ankara,Ankara,TR006,Turkey,Türkiye,TR,2022-01-01,2022-03-15,
Kecioren,Keçiören,TR006017,,,,,,Ankara,Ankara,TR006,Turkey,Türkiye,TR,2022-01-01,2022-03-15,
Kizilcahamam,Kizilcahamam,TR006018,,,,,,Ankara,Ankara,TR006,Turkey,Türkiye,TR,2022-01-01,2022-03-15,
Mamak,Mamak,TR006019,,,,,,Ankara,Ankara,TR006,Turkey,Türkiye,TR,2022-01-01,2022-03-15,
Nallihan,Nallihan,TR006020,,,,,,Ankara,Ankara,TR006,Turkey,Türkiye,TR,2022-01-01,2022-03-15,
Polatli,Polatli,TR006021,,,,,,Ankara,Ankara,TR006,Turkey,Türkiye,TR,2022-01-01,2022-03-15,
Pursaklar,Pursaklar,TR006022,,,,,,Ankara,Ankara,TR006,Turkey,Türkiye,TR,2022-01-01,2022-03-15,
Sincan,Sincan,TR006023,,,,,,Ankara,Ankara,TR006,Turkey,Türkiye,TR,2022-01-01,2022-03-15,
Sereflikochisar,Şereflikoçhisar,TR006024,,,,,,Ankara,Ankara,TR006,Turkey,Türkiye,TR,2022-01-01,2022-03-15,
Yenimahalle,Yenimahalle,TR006025,,,,,,Ankara,Ankara,TR006,Turkey,Türkiye,TR,2022-01-01,2022-03-15,
Akseki,Akseki,TR007001,,,,,,Antalya,Antalya,TR007,Turkey,Türkiye,TR,2022-01-01,2022-03-15,
Aksu,Aksu,TR007002,,,,,,Antalya,Antalya,TR007,Turkey,Türkiye,TR,2022-01-01,2022-03-15,
Alanya,Alanya,TR007003,,,,,,Antalya,Antalya,TR007,Turkey,Türkiye,TR,2022-01-01,2022-03-15,
Demre,Demre,TR007004,,,,,,Antalya,Antalya,TR007,Turkey,Türkiye,TR,2022-01-01,2022-03-15,
Dosemealti,Döşemealti,TR007005,,,,,,Antalya,Antalya,TR007,Turkey,Türkiye,TR,2022-01-01,2022-03-15,
Elmali,Elmali,TR007006,,,,,,Antalya,Antalya,TR007,Turkey,Türkiye,TR,2022-01-01,2022-03-15,
Finike,Finike,TR007007,,,,,,Antalya,Antalya,TR007,Turkey,Türkiye,TR,2022-01-01,2022-03-15,
Gazipasa,Gazipaşa,TR007008,,,,,,Antalya,Antalya,TR007,Turkey,Türkiye,TR,2022-01-01,2022-03-15,
Gundogmus,Gündoğmuş,TR007009,,,,,,Antalya,Antalya,TR007,Turkey,Türkiye,TR,2022-01-01,2022-03-15,
Ibradi,Ibradi,TR007010,,,,,,Antalya,Antalya,TR007,Turkey,Türkiye,TR,2022-01-01,2022-03-15,
Kas,Kaş,TR007011,,,,,,Antalya,Antalya,TR007,Turkey,Türkiye,TR,2022-01-01,2022-03-15,
Kemer,Kemer,TR007012,,,,,,Antalya,Antalya,TR007,Turkey,Türkiye,TR,2022-01-01,2022-03-15,
Kepez,Kepez,TR007013,,,,,,Antalya,Antalya,TR007,Turkey,Türkiye,TR,2022-01-01,2022-03-15,
Konyaalti,Konyaalti,TR007014,,,,,,Antalya,Antalya,TR007,Turkey,Türkiye,TR,2022-01-01,2022-03-15,
Korkuteli,Korkuteli,TR007015,,,,,,Antalya,Antalya,TR007,Turkey,Türkiye,TR,2022-01-01,2022-03-15,
Kumluca,Kumluca,TR007016,,,,,,Antalya,Antalya,TR007,Turkey,Türkiye,TR,2022-01-01,2022-03-15,
Manavgat,Manavgat,TR007017,,,,,,Antalya,Antalya,TR007,Turkey,Türkiye,TR,2022-01-01,2022-03-15,
Muratpasa,Muratpaşa,TR007018,,,,,,Antalya,Antalya,TR007,Turkey,Türkiye,TR,2022-01-01,2022-03-15,
Serik,Serik,TR007019,,,,,,Antalya,Antalya,TR007,Turkey,Türkiye,TR,2022-01-01,2022-03-15,
Ardanuc,Ardanuç,TR008001,,,,,,Artvin,Artvin,TR008,Turkey,Türkiye,TR,2022-01-01,2022-03-15,
Arhavi,Arhavi,TR008002,,,,,,Artvin,Artvin,TR008,Turkey,Türkiye,TR,2022-01-01,2022-03-15,
Artvin,Artvin,TR008003,,,,,,Artvin,Artvin,TR008,Turkey,Türkiye,TR,2022-01-01,2022-03-15,
Borcka,Borçka,TR008004,,,,,,Artvin,Artvin,TR008,Turkey,Türkiye,TR,2022-01-01,2022-03-15,
Hopa,Hopa,TR008005,,,,,,Artvin,Artvin,TR008,Turkey,Türkiye,TR,2022-01-01,2022-03-15,
Kemalpasa,Kemalpaşa,TR008006,,,,,,Artvin,Artvin,TR008,Turkey,Türkiye,TR,2022-01-01,2022-03-15,
Murgul,Murgul,TR008007,,,,,,Artvin,Artvin,TR008,Turkey,Türkiye,TR,2022-01-01,2022-03-15,
Savsat,Şavşat,TR008008,,,,,,Artvin,Artvin,TR008,Turkey,Türkiye,TR,2022-01-01,2022-03-15,
Yusufeli,Yusufeli,TR008009,,,,,,Artvin,Artvin,TR008,Turkey,Türkiye,TR,2022-01-01,2022-03-15,
Bozdogan,Bozdoğan,TR009001,,,,,,Aydin,Aydin,TR009,Turkey,Türkiye,TR,2022-01-01,2022-03-15,
Buharkent,Buharkent,TR009002,,,,,,Aydin,Aydin,TR009,Turkey,Türkiye,TR,2022-01-01,2022-03-15,
Cine,Çine,TR009003,,,,,,Aydin,Aydin,TR009,Turkey,Türkiye,TR,2022-01-01,2022-03-15,
Didim,Didim,TR009004,,,,,,Aydin,Aydin,TR009,Turkey,Türkiye,TR,2022-01-01,2022-03-15,
Efeler,Efeler,TR009005,,,,,,Aydin,Aydin,TR009,Turkey,Türkiye,TR,2022-01-01,2022-03-15,
Germencik,Germencik,TR009006,,,,,,Aydin,Aydin,TR009,Turkey,Türkiye,TR,2022-01-01,2022-03-15,
Incirliova,Incirliova,TR009007,,,,,,Aydin,Aydin,TR009,Turkey,Türkiye,TR,2022-01-01,2022-03-15,
Karacasu,Karacasu,TR009008,,,,,,Aydin,Aydin,TR009,Turkey,Türkiye,TR,2022-01-01,2022-03-15,
Karpuzlu,Karpuzlu,TR009009,,,,,,Aydin,Aydin,TR009,Turkey,Türkiye,TR,2022-01-01,2022-03-15,
Kocarli,Koçarli,TR009010,,,,,,Aydin,Aydin,TR009,Turkey,Türkiye,TR,2022-01-01,2022-03-15,
Kosk,Köşk,TR009011,,,,,,Aydin,Aydin,TR009,Turkey,Türkiye,TR,2022-01-01,2022-03-15,
Kusadasi,Kuşadasi,TR009012,,,,,,Aydin,Aydin,TR009,Turkey,Türkiye,TR,2022-01-01,2022-03-15,
Kuyucak,Kuyucak,TR009013,,,,,,Aydin,Aydin,TR009,Turkey,Türkiye,TR,2022-01-01,2022-03-15,
Nazilli,Nazilli,TR009014,,,,,,Aydin,Aydin,TR009,Turkey,Türkiye,TR,2022-01-01,2022-03-15,
Soke,Söke,TR009015,,,,,,Aydin,Aydin,TR009,Turkey,Türkiye,TR,2022-01-01,2022-03-15,
Sultanhisar,Sultanhisar,TR009016,,,,,,Aydin,Aydin,TR009,Turkey,Türkiye,TR,2022-01-01,2022-03-15,
Yenipazar,Yenipazar,TR009017,,,,,,Aydin,Aydin,TR009,Turkey,Türkiye,TR,2022-01-01,2022-03-15,
Altieylul,Altieylül,TR010001,,,,,,Balikesir,Balikesir,TR010,Turkey,Türkiye,TR,2022-01-01,2022-03-15,
Ayvalik,Ayvalik,TR010002,,,,,,Balikesir,Balikesir,TR010,Turkey,Türkiye,TR,2022-01-01,2022-03-15,
Balya,Balya,TR010003,,,,,,Balikesir,Balikesir,TR010,Turkey,Türkiye,TR,2022-01-01,2022-03-15,
Bandirma,Bandirma,TR010004,,,,,,Balikesir,Balikesir,TR010,Turkey,Türkiye,TR,2022-01-01,2022-03-15,
Bigadic,Bigadiç,TR010005,,,,,,Balikesir,Balikesir,TR010,Turkey,Türkiye,TR,2022-01-01,2022-03-15,
Burhaniye,Burhaniye,TR010006,,,,,,Balikesir,Balikesir,TR010,Turkey,Türkiye,TR,2022-01-01,2022-03-15,
Dursunbey,Dursunbey,TR010007,,,,,,Balikesir,Balikesir,TR010,Turkey,Türkiye,TR,2022-01-01,2022-03-15,
Edremit,Edremit,TR010008,,,,,,Balikesir,Balikesir,TR010,Turkey,Türkiye,TR,2022-01-01,2022-03-15,
Erdek,Erdek,TR010009,,,,,,Balikesir,Balikesir,TR010,Turkey,Türkiye,TR,2022-01-01,2022-03-15,
Gomec,Gömeç,TR010010,,,,,,Balikesir,Balikesir,TR010,Turkey,Türkiye,TR,2022-01-01,2022-03-15,
Gonen,Gönen,TR010011,,,,,,Balikesir,Balikesir,TR010,Turkey,Türkiye,TR,2022-01-01,2022-03-15,
Havran,Havran,TR010012,,,,,,Balikesir,Balikesir,TR010,Turkey,Türkiye,TR,2022-01-01,2022-03-15,
Ivrindi,Ivrindi,TR010013,,,,,,Balikesir,Balikesir,TR010,Turkey,Türkiye,TR,2022-01-01,2022-03-15,
Karesi,Karesi,TR010014,,,,,,Balikesir,Balikesir,TR010,Turkey,Türkiye,TR,2022-01-01,2022-03-15,
Kepsut,Kepsut,TR010015,,,,,,Balikesir,Balikesir,TR010,Turkey,Türkiye,TR,2022-01-01,2022-03-15,
Manyas,Manyas,TR010016,,,,,,Balikesir,Balikesir,TR010,Turkey,Türkiye,TR,2022-01-01,2022-03-15,
Marmara,Marmara,TR010017,,,,,,Balikesir,Balikesir,TR010,Turkey,Türkiye,TR,2022-01-01,2022-03-15,
Savastepe,Savaştepe,TR010018,,,,,,Balikesir,Balikesir,TR010,Turkey,Türkiye,TR,2022-01-01,2022-03-15,
Sindirgi,Sindirgi,TR010019,,,,,,Balikesir,Balikesir,TR010,Turkey,Türkiye,TR,2022-01-01,2022-03-15,
Susurluk,Susurluk,TR010020,,,,,,Balikesir,Balikesir,TR010,Turkey,Türkiye,TR,2022-01-01,2022-03-15,
Bilecik,Bilecik,TR011001,,,,,,Bilecik,Bilecik,TR011,Turkey,Türkiye,TR,2022-01-01,2022-03-15,
Bozuyuk,Bozüyük,TR011002,,,,,,Bilecik,Bilecik,TR011,Turkey,Türkiye,TR,2022-01-01,2022-03-15,
Golpazari,Gölpazari,TR011003,,,,,,Bilecik,Bilecik,TR011,Turkey,Türkiye,TR,2022-01-01,2022-03-15,
Inhisar,Inhisar,TR011004,,,,,,Bilecik,Bilecik,TR011,Turkey,Türkiye,TR,2022-01-01,2022-03-15,
Osmaneli,Osmaneli,TR011005,,,,,,Bilecik,Bilecik,TR011,Turkey,Türkiye,TR,2022-01-01,2022-03-15,
Pazaryeri,Pazaryeri,TR011006,,,,,,Bilecik,Bilecik,TR011,Turkey,Türkiye,TR,2022-01-01,2022-03-15,
Sogut,Söğüt,TR011007,,,,,,Bilecik,Bilecik,TR011,Turkey,Türkiye,TR,2022-01-01,2022-03-15,
Yenipazar,Yenipazar,TR011008,,,,,,Bilecik,Bilecik,TR011,Turkey,Türkiye,TR,2022-01-01,2022-03-15,
Adakli,Adakli,TR012001,,,,,,Bingol,Bingöl,TR012,Turkey,Türkiye,TR,2022-01-01,2022-03-15,
Bingol,Bingöl,TR012002,,,,,,Bingol,Bingöl,TR012,Turkey,Türkiye,TR,2022-01-01,2022-03-15,
Genc,Genç,TR012003,,,,,,Bingol,Bingöl,TR012,Turkey,Türkiye,TR,2022-01-01,2022-03-15,
Karliova,Karliova,TR012004,,,,,,Bingol,Bingöl,TR012,Turkey,Türkiye,TR,2022-01-01,2022-03-15,
Kigi,Kiği,TR012005,,,,,,Bingol,Bingöl,TR012,Turkey,Türkiye,TR,2022-01-01,2022-03-15,
Solhan,Solhan,TR012006,,,,,,Bingol,Bingöl,TR012,Turkey,Türkiye,TR,2022-01-01,2022-03-15,
Yayladere,Yayladere,TR012007,,,,,,Bingol,Bingöl,TR012,Turkey,Türkiye,TR,2022-01-01,2022-03-15,
Yedisu,Yedisu,TR012008,,,,,,Bingol,Bingöl,TR012,Turkey,Türkiye,TR,2022-01-01,2022-03-15,
Adilcevaz,Adilcevaz,TR013001,,,,,,Bitlis,Bitlis,TR013,Turkey,Türkiye,TR,2022-01-01,2022-03-15,
Ahlat,Ahlat,TR013002,,,,,,Bitlis,Bitlis,TR013,Turkey,Türkiye,TR,2022-01-01,2022-03-15,
Bitlis,Bitlis,TR013003,,,,,,Bitlis,Bitlis,TR013,Turkey,Türkiye,TR,2022-01-01,2022-03-15,
Guroymak,Güroymak,TR013004,,,,,,Bitlis,Bitlis,TR013,Turkey,Türkiye,TR,2022-01-01,2022-03-15,
Hizan,Hizan,TR013005,,,,,,Bitlis,Bitlis,TR013,Turkey,Türkiye,TR,2022-01-01,2022-03-15,
Mutki,Mutki,TR013006,,,,,,Bitlis,Bitlis,TR013,Turkey,Türkiye,TR,2022-01-01,2022-03-15,
Tatvan,Tatvan,TR013007,,,,,,Bitlis,Bitlis,TR013,Turkey,Türkiye,TR,2022-01-01,2022-03-15,
Bolu,Bolu,TR014001,,,,,,Bolu,Bolu,TR014,Turkey,Türkiye,TR,2022-01-01,2022-03-15,
Dortdivan,Dörtdivan,TR014002,,,,,,Bolu,Bolu,TR014,Turkey,Türkiye,TR,2022-01-01,2022-03-15,
Gerede,Gerede,TR014003,,,,,,Bolu,Bolu,TR014,Turkey,Türkiye,TR,2022-01-01,2022-03-15,
Goynuk,Göynük,TR014004,,,,,,Bolu,Bolu,TR014,Turkey,Türkiye,TR,2022-01-01,2022-03-15,
Kibriscik,Kibriscik,TR014005,,,,,,Bolu,Bolu,TR014,Turkey,Türkiye,TR,2022-01-01,2022-03-15,
Mengen,Mengen,TR014006,,,,,,Bolu,Bolu,TR014,Turkey,Türkiye,TR,2022-01-01,2022-03-15,
Mudurnu,Mudurnu,TR014007,,,,,,Bolu,Bolu,TR014,Turkey,Türkiye,TR,2022-01-01,2022-03-15,
Seben,Seben,TR014008,,,,,,Bolu,Bolu,TR014,Turkey,Türkiye,TR,2022-01-01,2022-03-15,
Yenicaga,Yeniçağa,TR014009,,,,,,Bolu,Bolu,TR014,Turkey,Türkiye,TR,2022-01-01,2022-03-15,
Aglasun,Ağlasun,TR015001,,,,,,Burdur,Burdur,TR015,Turkey,Türkiye,TR,2022-01-01,2022-03-15,
Altinyayla,Altinyayla,TR015002,,,,,,Burdur,Burdur,TR015,Turkey,Türkiye,TR,2022-01-01,2022-03-15,
Bucak,Bucak,TR015003,,,,,,Burdur,Burdur,TR015,Turkey,Türkiye,TR,2022-01-01,2022-03-15,
Burdur,Burdur,TR015004,,,,,,Burdur,Burdur,TR015,Turkey,Türkiye,TR,2022-01-01,2022-03-15,
Cavdir,Çavdir,TR015005,,,,,,Burdur,Burdur,TR015,Turkey,Türkiye,TR,2022-01-01,2022-03-15,
Celtikci,Çeltikçi,TR015006,,,,,,Burdur,Burdur,TR015,Turkey,Türkiye,TR,2022-01-01,2022-03-15,
Golhisar,Gölhisar,TR015007,,,,,,Burdur,Burdur,TR015,Turkey,Türkiye,TR,2022-01-01,2022-03-15,
Karamanli,Karamanli,TR015008,,,,,,Burdur,Burdur,TR015,Turkey,Türkiye,TR,2022-01-01,2022-03-15,
Kemer,Kemer,TR015009,,,,,,Burdur,Burdur,TR015,Turkey,Türkiye,TR,2022-01-01,2022-03-15,
Tefenni,Tefenni,TR015010,,,,,,Burdur,Burdur,TR015,Turkey,Türkiye,TR,2022-01-01,2022-03-15,
Yesilova,Yeşilova,TR015011,,,,,,Burdur,Burdur,TR015,Turkey,Türkiye,TR,2022-01-01,2022-03-15,
Buyukorhan,Büyükorhan,TR016001,,,,,,Bursa,Bursa,TR016,Turkey,Türkiye,TR,2022-01-01,2022-03-15,
Gemlik,Gemlik,TR016002,,,,,,Bursa,Bursa,TR016,Turkey,Türkiye,TR,2022-01-01,2022-03-15,
Gursu,Gürsu,TR016003,,,,,,Bursa,Bursa,TR016,Turkey,Türkiye,TR,2022-01-01,2022-03-15,
Harmancik,Harmancik,TR016004,,,,,,Bursa,Bursa,TR016,Turkey,Türkiye,TR,2022-01-01,2022-03-15,
Inegol,Inegöl,TR016005,,,,,,Bursa,Bursa,TR016,Turkey,Türkiye,TR,2022-01-01,2022-03-15,
Iznik,Iznik,TR016006,,,,,,Bursa,Bursa,TR016,Turkey,Türkiye,TR,2022-01-01,2022-03-15,
Karacabey,Karacabey,TR016007,,,,,,Bursa,Bursa,TR016,Turkey,Türkiye,TR,2022-01-01,2022-03-15,
Keles,Keles,TR016008,,,,,,Bursa,Bursa,TR016,Turkey,Türkiye,TR,2022-01-01,2022-03-15,
Kestel,Kestel,TR016009,,,,,,Bursa,Bursa,TR016,Turkey,Türkiye,TR,2022-01-01,2022-03-15,
Mudanya,Mudanya,TR016010,,,,,,Bursa,Bursa,TR016,Turkey,Türkiye,TR,2022-01-01,2022-03-15,
Mustafakemalpasa,Mustafakemalpaşa,TR016011,,,,,,Bursa,Bursa,TR016,Turkey,Türkiye,TR,2022-01-01,2022-03-15,
Nilufer,Nilüfer,TR016012,,,,,,Bursa,Bursa,TR016,Turkey,Türkiye,TR,2022-01-01,2022-03-15,
Orhaneli,Orhaneli,TR016013,,,,,,Bursa,Bursa,TR016,Turkey,Türkiye,TR,2022-01-01,2022-03-15,
Orhangazi,Orhangazi,TR016014,,,,,,Bursa,Bursa,TR016,Turkey,Türkiye,TR,2022-01-01,2022-03-15,
Osmangazi,Osmangazi,TR016015,,,,,,Bursa,Bursa,TR016,Turkey,Türkiye,TR,2022-01-01,2022-03-15,
Yenisehir,Yenişehir,TR016016,,,,,,Bursa,Bursa,TR016,Turkey,Türkiye,TR,2022-01-01,2022-03-15,
Yildirim,Yildirim,TR016017,,,,,,Bursa,Bursa,TR016,Turkey,Türkiye,TR,2022-01-01,2022-03-15,
Ayvacik,Ayvacik,TR017001,,,,,,Canakkale,Çanakkale,TR017,Turkey,Türkiye,TR,2022-01-01,2022-03-15,
Bayramic,Bayramiç,TR017002,,,,,,Canakkale,Çanakkale,TR017,Turkey,Türkiye,TR,2022-01-01,2022-03-15,
Biga,Biga,TR017003,,,,,,Canakkale,Çanakkale,TR017,Turkey,Türkiye,TR,2022-01-01,2022-03-15,
Bozcaada,Bozcaada,TR017004,,,,,,Canakkale,Çanakkale,TR017,Turkey,Türkiye,TR,2022-01-01,2022-03-15,
Can,Çan,TR017005,,,,,,Canakkale,Çanakkale,TR017,Turkey,Türkiye,TR,2022-01-01,2022-03-15,
Canakkale,Çanakkale,TR017006,,,,,,Canakkale,Çanakkale,TR017,Turkey,Türkiye,TR,2022-01-01,2022-03-15,
Eceabat,Eceabat,TR017007,,,,,,Canakkale,Çanakkale,TR017,Turkey,Türkiye,TR,2022-01-01,2022-03-15,
Ezine,Ezine,TR017008,,,,,,Canakkale,Çanakkale,TR017,Turkey,Türkiye,TR,2022-01-01,2022-03-15,
Gelibolu,Gelibolu,TR017009,,,,,,Canakkale,Çanakkale,TR017,Turkey,Türkiye,TR,2022-01-01,2022-03-15,
Gokceada,Gökçeada,TR017010,,,,,,Canakkale,Çanakkale,TR017,Turkey,Türkiye,TR,2022-01-01,2022-03-15,
Lapseki,Lapseki,TR017011,,,,,,Canakkale,Çanakkale,TR017,Turkey,Türkiye,TR,2022-01-01,2022-03-15,
Yenice,Yenice,TR017012,,,,,,Canakkale,Çanakkale,TR017,Turkey,Türkiye,TR,2022-01-01,2022-03-15,
Atkaracalar,Atkaracalar,TR018001,,,,,,Cankiri,Çankiri,TR018,Turkey,Türkiye,TR,2022-01-01,2022-03-15,
Bayramoren,Bayramören,TR018002,,,,,,Cankiri,Çankiri,TR018,Turkey,Türkiye,TR,2022-01-01,2022-03-15,
Cankiri,Çankiri,TR018003,,,,,,Cankiri,Çankiri,TR018,Turkey,Türkiye,TR,2022-01-01,2022-03-15,
Cerkes,Çerkeş,TR018004,,,,,,Cankiri,Çankiri,TR018,Turkey,Türkiye,TR,2022-01-01,2022-03-15,
Eldivan,Eldivan,TR018005,,,,,,Cankiri,Çankiri,TR018,Turkey,Türkiye,TR,2022-01-01,2022-03-15,
Ilgaz,Ilgaz,TR018006,,,,,,Cankiri,Çankiri,TR018,Turkey,Türkiye,TR,2022-01-01,2022-03-15,
Kizilirmak,Kizilirmak,TR018007,,,,,,Cankiri,Çankiri,TR018,Turkey,Türkiye,TR,2022-01-01,2022-03-15,
Korgun,Korgun,TR018008,,,,,,Cankiri,Çankiri,TR018,Turkey,Türkiye,TR,2022-01-01,2022-03-15,
Kursunlu,Kurşunlu,TR018009,,,,,,Cankiri,Çankiri,TR018,Turkey,Türkiye,TR,2022-01-01,2022-03-15,
Orta,Orta,TR018010,,,,,,Cankiri,Çankiri,TR018,Turkey,Türkiye,TR,2022-01-01,2022-03-15,
Sabanozu,Şabanözü,TR018011,,,,,,Cankiri,Çankiri,TR018,Turkey,Türkiye,TR,2022-01-01,2022-03-15,
Yaprakli,Yaprakli,TR018012,,,,,,Cankiri,Çankiri,TR018,Turkey,Türkiye,TR,2022-01-01,2022-03-15,
Alaca,Alaca,TR019001,,,,,,Corum,Çorum,TR019,Turkey,Türkiye,TR,2022-01-01,2022-03-15,
Bayat,Bayat,TR019002,,,,,,Corum,Çorum,TR019,Turkey,Türkiye,TR,2022-01-01,2022-03-15,
Bogazkale,Boğazkale,TR019003,,,,,,Corum,Çorum,TR019,Turkey,Türkiye,TR,2022-01-01,2022-03-15,
Corum,Çorum,TR019004,,,,,,Corum,Çorum,TR019,Turkey,Türkiye,TR,2022-01-01,2022-03-15,
Dodurga,Dodurga,TR019005,,,,,,Corum,Çorum,TR019,Turkey,Türkiye,TR,2022-01-01,2022-03-15,
Iskilip,Iskilip,TR019006,,,,,,Corum,Çorum,TR019,Turkey,Türkiye,TR,2022-01-01,2022-03-15,
Kargi,Kargi,TR019007,,,,,,Corum,Çorum,TR019,Turkey,Türkiye,TR,2022-01-01,2022-03-15,
Lacin,Laçin,TR019008,,,,,,Corum,Çorum,TR019,Turkey,Türkiye,TR,2022-01-01,2022-03-15,
Mecitozu,Mecitözü,TR019009,,,,,,Corum,Çorum,TR019,Turkey,Türkiye,TR,2022-01-01,2022-03-15,
Oguzlar,Oğuzlar,TR019010,,,,,,Corum,Çorum,TR019,Turkey,Türkiye,TR,2022-01-01,2022-03-15,
Ortakoy,Ortaköy,TR019011,,,,,,Corum,Çorum,TR019,Turkey,Türkiye,TR,2022-01-01,2022-03-15,
Osmancik,Osmancik,TR019012,,,,,,Corum,Çorum,TR019,Turkey,Türkiye,TR,2022-01-01,2022-03-15,
Sungurlu,Sungurlu,TR019013,,,,,,Corum,Çorum,TR019,Turkey,Türkiye,TR,2022-01-01,2022-03-15,
Ugurludag,Uğurludağ,TR019014,,,,,,Corum,Çorum,TR019,Turkey,Türkiye,TR,2022-01-01,2022-03-15,
Acipayam,Acipayam,TR020001,,,,,,Denizli,Denizli,TR020,Turkey,Türkiye,TR,2022-01-01,2022-03-15,
Babadag,Babadağ,TR020002,,,,,,Denizli,Denizli,TR020,Turkey,Türkiye,TR,2022-01-01,2022-03-15,
Baklan,Baklan,TR020003,,,,,,Denizli,Denizli,TR020,Turkey,Türkiye,TR,2022-01-01,2022-03-15,
Bekilli,Bekilli,TR020004,,,,,,Denizli,Denizli,TR020,Turkey,Türkiye,TR,2022-01-01,2022-03-15,
Beyagac,Beyağaç,TR020005,,,,,,Denizli,Denizli,TR020,Turkey,Türkiye,TR,2022-01-01,2022-03-15,
Bozkurt,Bozkurt,TR020006,,,,,,Denizli,Denizli,TR020,Turkey,Türkiye,TR,2022-01-01,2022-03-15,
Buldan,Buldan,TR020007,,,,,,Denizli,Denizli,TR020,Turkey,Türkiye,TR,2022-01-01,2022-03-15,
Cal,Çal,TR020008,,,,,,Denizli,Denizli,TR020,Turkey,Türkiye,TR,2022-01-01,2022-03-15,
Cameli,Çameli,TR020009,,,,,,Denizli,Denizli,TR020,Turkey,Türkiye,TR,2022-01-01,2022-03-15,
Cardak,Çardak,TR020010,,,,,,Denizli,Denizli,TR020,Turkey,Türkiye,TR,2022-01-01,2022-03-15,
Civril,Çivril,TR020011,,,,,,Denizli,Denizli,TR020,Turkey,Türkiye,TR,2022-01-01,2022-03-15,
Guney,Güney,TR020012,,,,,,Denizli,Denizli,TR020,Turkey,Türkiye,TR,2022-01-01,2022-03-15,
Honaz,Honaz,TR020013,,,,,,Denizli,Denizli,TR020,Turkey,Türkiye,TR,2022-01-01,2022-03-15,
Kale,Kale,TR020014,,,,,,Denizli,Denizli,TR020,Turkey,Türkiye,TR,2022-01-01,2022-03-15,
Merkezefendi,Merkezefendi,TR020015,,,,,,Denizli,Denizli,TR020,Turkey,Türkiye,TR,2022-01-01,2022-03-15,
Pamukkale,Pamukkale,TR020016,,,,,,Denizli,Denizli,TR020,Turkey,Türkiye,TR,2022-01-01,2022-03-15,
Saraykoy,Sarayköy,TR020017,,,,,,Denizli,Denizli,TR020,Turkey,Türkiye,TR,2022-01-01,2022-03-15,
Serinhisar,Serinhisar,TR020018,,,,,,Denizli,Denizli,TR020,Turkey,Türkiye,TR,2022-01-01,2022-03-15,
Tavas,Tavas,TR020019,,,,,,Denizli,Denizli,TR020,Turkey,Türkiye,TR,2022-01-01,2022-03-15,
Baglar,Bağlar,TR021001,,,,,,Diyarbakir,Diyarbakir,TR021,Turkey,Türkiye,TR,2022-01-01,2022-03-15,
Bismil,Bismil,TR021002,,,,,,Diyarbakir,Diyarbakir,TR021,Turkey,Türkiye,TR,2022-01-01,2022-03-15,
Cermik,Çermik,TR021003,,,,,,Diyarbakir,Diyarbakir,TR021,Turkey,Türkiye,TR,2022-01-01,2022-03-15,
Cinar,Çinar,TR021004,,,,,,Diyarbakir,Diyarbakir,TR021,Turkey,Türkiye,TR,2022-01-01,2022-03-15,
Cungus,Çüngüş,TR021005,,,,,,Diyarbakir,Diyarbakir,TR021,Turkey,Türkiye,TR,2022-01-01,2022-03-15,
Dicle,Dicle,TR021006,,,,,,Diyarbakir,Diyarbakir,TR021,Turkey,Türkiye,TR,2022-01-01,2022-03-15,
Egil,Eğil,TR021007,,,,,,Diyarbakir,Diyarbakir,TR021,Turkey,Türkiye,TR,2022-01-01,2022-03-15,
Ergani,Ergani,TR021008,,,,,,Diyarbakir,Diyarbakir,TR021,Turkey,Türkiye,TR,2022-01-01,2022-03-15,
Hani,Hani,TR021009,,,,,,Diyarbakir,Diyarbakir,TR021,Turkey,Türkiye,TR,2022-01-01,2022-03-15,
Hazro,Hazro,TR021010,,,,,,Diyarbakir,Diyarbakir,TR021,Turkey,Türkiye,TR,2022-01-01,2022-03-15,
Kayapinar,Kayapinar,TR021011,,,,,,Diyarbakir,Diyarbakir,TR021,Turkey,Türkiye,TR,2022-01-01,2022-03-15,
Kocakoy,Kocaköy,TR021012,,,,,,Diyarbakir,Diyarbakir,TR021,Turkey,Türkiye,TR,2022-01-01,2022-03-15,
Kulp,Kulp,TR021013,,,,,,Diyarbakir,Diyarbakir,TR021,Turkey,Türkiye,TR,2022-01-01,2022-03-15,
Lice,Lice,TR021014,,,,,,Diyarbakir,Diyarbakir,TR021,Turkey,Türkiye,TR,2022-01-01,2022-03-15,
Silvan,Silvan,TR021015,,,,,,Diyarbakir,Diyarbakir,TR021,Turkey,Türkiye,TR,2022-01-01,2022-03-15,
Sur,Sur,TR021016,,,,,,Diyarbakir,Diyarbakir,TR021,Turkey,Türkiye,TR,2022-01-01,2022-03-15,
Yenisehir,Yenişehir,TR021017,,,,,,Diyarbakir,Diyarbakir,TR021,Turkey,Türkiye,TR,2022-01-01,2022-03-15,
Edirne,Edirne,TR022001,,,,,,Edirne,Edirne,TR022,Turkey,Türkiye,TR,2022-01-01,2022-03-15,
Enez,Enez,TR022002,,,,,,Edirne,Edirne,TR022,Turkey,Türkiye,TR,2022-01-01,2022-03-15,
Havsa,Havsa,TR022003,,,,,,Edirne,Edirne,TR022,Turkey,Türkiye,TR,2022-01-01,2022-03-15,
Ipsala,Ipsala,TR022004,,,,,,Edirne,Edirne,TR022,Turkey,Türkiye,TR,2022-01-01,2022-03-15,
Kesan,Keşan,TR022005,,,,,,Edirne,Edirne,TR022,Turkey,Türkiye,TR,2022-01-01,2022-03-15,
Lalapasa,Lalapaşa,TR022006,,,,,,Edirne,Edirne,TR022,Turkey,Türkiye,TR,2022-01-01,2022-03-15,
Meric,Meriç,TR022007,,,,,,Edirne,Edirne,TR022,Turkey,Türkiye,TR,2022-01-01,2022-03-15,
Suloglu,Süloğlu,TR022008,,,,,,Edirne,Edirne,TR022,Turkey,Türkiye,TR,2022-01-01,2022-03-15,
Uzunkopru,Uzunköprü,TR022009,,,,,,Edirne,Edirne,TR022,Turkey,Türkiye,TR,2022-01-01,2022-03-15,
Agin,Ağin,TR023001,,,,,,Elazig,Elaziğ,TR023,Turkey,Türkiye,TR,2022-01-01,2022-03-15,
Alacakaya,Alacakaya,TR023002,,,,,,Elazig,Elaziğ,TR023,Turkey,Türkiye,TR,2022-01-01,2022-03-15,
Aricak,Aricak,TR023003,,,,,,Elazig,Elaziğ,TR023,Turkey,Türkiye,TR,2022-01-01,2022-03-15,
Baskil,Baskil,TR023004,,,,,,Elazig,Elaziğ,TR023,Turkey,Türkiye,TR,2022-01-01,2022-03-15,
Elazig,Elaziğ,TR023005,,,,,,Elazig,Elaziğ,TR023,Turkey,Türkiye,TR,2022-01-01,2022-03-15,
Karakocan,Karakoçan,TR023006,,,,,,Elazig,Elaziğ,TR023,Turkey,Türkiye,TR,2022-01-01,2022-03-15,
Keban,Keban,TR023007,,,,,,Elazig,Elaziğ,TR023,Turkey,Türkiye,TR,2022-01-01,2022-03-15,
Kovancilar,Kovancilar,TR023008,,,,,,Elazig,Elaziğ,TR023,Turkey,Türkiye,TR,2022-01-01,2022-03-15,
Maden,Maden,TR023009,,,,,,Elazig,Elaziğ,TR023,Turkey,Türkiye,TR,2022-01-01,2022-03-15,
Palu,Palu,TR023010,,,,,,Elazig,Elaziğ,TR023,Turkey,Türkiye,TR,2022-01-01,2022-03-15,
Sivrice,Sivrice,TR023011,,,,,,Elazig,Elaziğ,TR023,Turkey,Türkiye,TR,2022-01-01,2022-03-15,
Cayirli,Çayirli,TR024001,,,,,,Erzincan,Erzincan,TR024,Turkey,Türkiye,TR,2022-01-01,2022-03-15,
Erzincan,Erzincan,TR024002,,,,,,Erzincan,Erzincan,TR024,Turkey,Türkiye,TR,2022-01-01,2022-03-15,
Ilic,Iliç,TR024003,,,,,,Erzincan,Erzincan,TR024,Turkey,Türkiye,TR,2022-01-01,2022-03-15,
Kemah,Kemah,TR024004,,,,,,Erzincan,Erzincan,TR024,Turkey,Türkiye,TR,2022-01-01,2022-03-15,
Kemaliye,Kemaliye,TR024005,,,,,,Erzincan,Erzincan,TR024,Turkey,Türkiye,TR,2022-01-01,2022-03-15,
Otlukbeli,Otlukbeli,TR024006,,,,,,Erzincan,Erzincan,TR024,Turkey,Türkiye,TR,2022-01-01,2022-03-15,
Refahiye,Refahiye,TR024007,,,,,,Erzincan,Erzincan,TR024,Turkey,Türkiye,TR,2022-01-01,2022-03-15,
Tercan,Tercan,TR024008,,,,,,Erzincan,Erzincan,TR024,Turkey,Türkiye,TR,2022-01-01,2022-03-15,
Uzumlu,Üzümlü,TR024009,,,,,,Erzincan,Erzincan,TR024,Turkey,Türkiye,TR,2022-01-01,2022-03-15,
Askale,Aşkale,TR025001,,,,,,Erzurum,Erzurum,TR025,Turkey,Türkiye,TR,2022-01-01,2022-03-15,
Aziziye,Aziziye,TR025002,,,,,,Erzurum,Erzurum,TR025,Turkey,Türkiye,TR,2022-01-01,2022-03-15,
Cat,Çat,TR025003,,,,,,Erzurum,Erzurum,TR025,Turkey,Türkiye,TR,2022-01-01,2022-03-15,
Hinis,Hinis,TR025004,,,,,,Erzurum,Erzurum,TR025,Turkey,Türkiye,TR,2022-01-01,2022-03-15,
Horasan,Horasan,TR025005,,,,,,Erzurum,Erzurum,TR025,Turkey,Türkiye,TR,2022-01-01,2022-03-15,
Ispir,Ispir,TR025006,,,,,,Erzurum,Erzurum,TR025,Turkey,Türkiye,TR,2022-01-01,2022-03-15,
Karacoban,Karaçoban,TR025007,,,,,,Erzurum,Erzurum,TR025,Turkey,Türkiye,TR,2022-01-01,2022-03-15,
Karayazi,Karayazi,TR025008,,,,,,Erzurum,Erzurum,TR025,Turkey,Türkiye,TR,2022-01-01,2022-03-15,
Koprukoy,Köprüköy,TR025009,,,,,,Erzurum,Erzurum,TR025,Turkey,Türkiye,TR,2022-01-01,2022-03-15,
Narman,Narman,TR025010,,,,,,Erzurum,Erzurum,TR025,Turkey,Türkiye,TR,2022-01-01,2022-03-15,
Oltu,Oltu,TR025011,,,,,,Erzurum,Erzurum,TR025,Turkey,Türkiye,TR,2022-01-01,2022-03-15,
Olur,Olur,TR025012,,,,,,Erzurum,Erzurum,TR025,Turkey,Türkiye,TR,2022-01-01,2022-03-15,
Palandoken,Palandöken,TR025013,,,,,,Erzurum,Erzurum,TR025,Turkey,Türkiye,TR,2022-01-01,2022-03-15,
Pasinler,Pasinler,TR025014,,,,,,Erzurum,Erzurum,TR025,Turkey,Türkiye,TR,2022-01-01,2022-03-15,
Pazaryolu,Pazaryolu,TR025015,,,,,,Erzurum,Erzurum,TR025,Turkey,Türkiye,TR,2022-01-01,2022-03-15,
Senkaya,Şenkaya,TR025016,,,,,,Erzurum,Erzurum,TR025,Turkey,Türkiye,TR,2022-01-01,2022-03-15,
Tekman,Tekman,TR025017,,,,,,Erzurum,Erzurum,TR025,Turkey,Türkiye,TR,2022-01-01,2022-03-15,
Tortum,Tortum,TR025018,,,,,,Erzurum,Erzurum,TR025,Turkey,Türkiye,TR,2022-01-01,2022-03-15,
Uzundere,Uzundere,TR025019,,,,,,Erzurum,Erzurum,TR025,Turkey,Türkiye,TR,2022-01-01,2022-03-15,
Yakutiye,Yakutiye,TR025020,,,,,,Erzurum,Erzurum,TR025,Turkey,Türkiye,TR,2022-01-01,2022-03-15,
Alpu,Alpu,TR026001,,,,,,Eskisehir,Eskişehir,TR026,Turkey,Türkiye,TR,2022-01-01,2022-03-15,
Beylikova,Beylikova,TR026002,,,,,,Eskisehir,Eskişehir,TR026,Turkey,Türkiye,TR,2022-01-01,2022-03-15,
Cifteler,Çifteler,TR026003,,,,,,Eskisehir,Eskişehir,TR026,Turkey,Türkiye,TR,2022-01-01,2022-03-15,
Gunyuzu,Günyüzü,TR026004,,,,,,Eskisehir,Eskişehir,TR026,Turkey,Türkiye,TR,2022-01-01,2022-03-15,
Han,Han,TR026005,,,,,,Eskisehir,Eskişehir,TR026,Turkey,Türkiye,TR,2022-01-01,2022-03-15,
Inonu,Inönü,TR026006,,,,,,Eskisehir,Eskişehir,TR026,Turkey,Türkiye,TR,2022-01-01,2022-03-15,
Mahmudiye,Mahmudiye,TR026007,,,,,,Eskisehir,Eskişehir,TR026,Turkey,Türkiye,TR,2022-01-01,2022-03-15,
Mihalgazi,Mihalgazi,TR026008,,,,,,Eskisehir,Eskişehir,TR026,Turkey,Türkiye,TR,2022-01-01,2022-03-15,
Mihaliccik,Mihaliççik,TR026009,,,,,,Eskisehir,Eskişehir,TR026,Turkey,Türkiye,TR,2022-01-01,2022-03-15,
Odunpazari,Odunpazari,TR026010,,,,,,Eskisehir,Eskişehir,TR026,Turkey,Türkiye,TR,2022-01-01,2022-03-15,
Saricakaya,Saricakaya,TR026011,,,,,,Eskisehir,Eskişehir,TR026,Turkey,Türkiye,TR,2022-01-01,2022-03-15,
Seyitgazi,Seyitgazi,TR026012,,,,,,Eskisehir,Eskişehir,TR026,Turkey,Türkiye,TR,2022-01-01,2022-03-15,
Sivrihisar,Sivrihisar,TR026013,,,,,,Eskisehir,Eskişehir,TR026,Turkey,Türkiye,TR,2022-01-01,2022-03-15,
Tepebasi,Tepebaşi,TR026014,,,,,,Eskisehir,Eskişehir,TR026,Turkey,Türkiye,TR,2022-01-01,2022-03-15,
Araban,Araban,TR027001,,,,,,Gaziantep,Gaziantep,TR027,Turkey,Türkiye,TR,2022-01-01,2022-03-15,
Islahiye,Islahiye,TR027002,,,,,,Gaziantep,Gaziantep,TR027,Turkey,Türkiye,TR,2022-01-01,2022-03-15,
Karkamis,Karkamiş,TR027003,,,,,,Gaziantep,Gaziantep,TR027,Turkey,Türkiye,TR,2022-01-01,2022-03-15,
Nizip,Nizip,TR027004,,,,,,Gaziantep,Gaziantep,TR027,Turkey,Türkiye,TR,2022-01-01,2022-03-15,
Nurdagi,Nurdaği,TR027005,,,,,,Gaziantep,Gaziantep,TR027,Turkey,Türkiye,TR,2022-01-01,2022-03-15,
Oguzeli,Oğuzeli,TR027006,,,,,,Gaziantep,Gaziantep,TR027,Turkey,Türkiye,TR,2022-01-01,2022-03-15,
Sahinbey,Şahinbey,TR027007,,,,,,Gaziantep,Gaziantep,TR027,Turkey,Türkiye,TR,2022-01-01,2022-03-15,
Sehitkamil,Şehitkamil,TR027008,,,,,,Gaziantep,Gaziantep,TR027,Turkey,Türkiye,TR,2022-01-01,2022-03-15,
Yavuzeli,Yavuzeli,TR027009,,,,,,Gaziantep,Gaziantep,TR027,Turkey,Türkiye,TR,2022-01-01,2022-03-15,
Alucra,Alucra,TR028001,,,,,,Giresun,Giresun,TR028,Turkey,Türkiye,TR,2022-01-01,2022-03-15,
Bulancak,Bulancak,TR028002,,,,,,Giresun,Giresun,TR028,Turkey,Türkiye,TR,2022-01-01,2022-03-15,
Camoluk,Çamoluk,TR028003,,,,,,Giresun,Giresun,TR028,Turkey,Türkiye,TR,2022-01-01,2022-03-15,
Canakci,Çanakçi,TR028004,,,,,,Giresun,Giresun,TR028,Turkey,Türkiye,TR,2022-01-01,2022-03-15,
Dereli,Dereli,TR028005,,,,,,Giresun,Giresun,TR028,Turkey,Türkiye,TR,2022-01-01,2022-03-15,
Dogankent,Doğankent,TR028006,,,,,,Giresun,Giresun,TR028,Turkey,Türkiye,TR,2022-01-01,2022-03-15,
Espiye,Espiye,TR028007,,,,,,Giresun,Giresun,TR028,Turkey,Türkiye,TR,2022-01-01,2022-03-15,
Eynesil,Eynesil,TR028008,,,,,,Giresun,Giresun,TR028,Turkey,Türkiye,TR,2022-01-01,2022-03-15,
Giresun,Giresun,TR028009,,,,,,Giresun,Giresun,TR028,Turkey,Türkiye,TR,2022-01-01,2022-03-15,
Gorele,Görele,TR028010,,,,,,Giresun,Giresun,TR028,Turkey,Türkiye,TR,2022-01-01,2022-03-15,
Guce,Güce,TR028011,,,,,,Giresun,Giresun,TR028,Turkey,Türkiye,TR,2022-01-01,2022-03-15,
Kesap,Keşap,TR028012,,,,,,Giresun,Giresun,TR028,Turkey,Türkiye,TR,2022-01-01,2022-03-15,
Piraziz,Piraziz,TR028013,,,,,,Giresun,Giresun,TR028,Turkey,Türkiye,TR,2022-01-01,2022-03-15,
Sebinkarahisar,Şebinkarahisar,TR028014,,,,,,Giresun,Giresun,TR028,Turkey,Türkiye,TR,2022-01-01,2022-03-15,
Tirebolu,Tirebolu,TR028015,,,,,,Giresun,Giresun,TR028,Turkey,Türkiye,TR,2022-01-01,2022-03-15,
Yaglidere,Yağlidere,TR028016,,,,,,Giresun,Giresun,TR028,Turkey,Türkiye,TR,2022-01-01,2022-03-15,
Gumushane,Gümüşhane,TR029001,,,,,,Gumushane,Gümüşhane,TR029,Turkey,Türkiye,TR,2022-01-01,2022-03-15,
Kelkit,Kelkit,TR029002,,,,,,Gumushane,Gümüşhane,TR029,Turkey,Türkiye,TR,2022-01-01,2022-03-15,
Kose,Köse,TR029003,,,,,,Gumushane,Gümüşhane,TR029,Turkey,Türkiye,TR,2022-01-01,2022-03-15,
Kurtun,Kürtün,TR029004,,,,,,Gumushane,Gümüşhane,TR029,Turkey,Türkiye,TR,2022-01-01,2022-03-15,
Siran,Şiran,TR029005,,,,,,Gumushane,Gümüşhane,TR029,Turkey,Türkiye,TR,2022-01-01,2022-03-15,
Torul,Torul,TR029006,,,,,,Gumushane,Gümüşhane,TR029,Turkey,Türkiye,TR,2022-01-01,2022-03-15,
Cukurca,Çukurca,TR030001,,,,,,Hakkari,Hakkari,TR030,Turkey,Türkiye,TR,2022-01-01,2022-03-15,
Hakkari,Hakkari,TR030002,,,,,,Hakkari,Hakkari,TR030,Turkey,Türkiye,TR,2022-01-01,2022-03-15,
Semdinli,Şemdinli,TR030003,,,,,,Hakkari,Hakkari,TR030,Turkey,Türkiye,TR,2022-01-01,2022-03-15,
Yuksekova,Yüksekova,TR030004,,,,,,Hakkari,Hakkari,TR030,Turkey,Türkiye,TR,2022-01-01,2022-03-15,
Derecik,Derecik,TR030005,,,,,,Hakkari,Hakkari,TR030,Turkey,Türkiye,TR,2022-01-01,2022-03-15,
Altinozu,Altinözü,TR031001,,,,,,Hatay,Hatay,TR031,Turkey,Türkiye,TR,2022-01-01,2022-03-15,
Antakya,Antakya,TR031002,,,,,,Hatay,Hatay,TR031,Turkey,Türkiye,TR,2022-01-01,2022-03-15,
Arsuz,Arsuz,TR031003,,,,,,Hatay,Hatay,TR031,Turkey,Türkiye,TR,2022-01-01,2022-03-15,
Belen,Belen,TR031004,,,,,,Hatay,Hatay,TR031,Turkey,Türkiye,TR,2022-01-01,2022-03-15,
Defne,Defne,TR031005,,,,,,Hatay,Hatay,TR031,Turkey,Türkiye,TR,2022-01-01,2022-03-15,
Dortyol,Dörtyol,TR031006,,,,,,Hatay,Hatay,TR031,Turkey,Türkiye,TR,2022-01-01,2022-03-15,
Erzin,Erzin,TR031007,,,,,,Hatay,Hatay,TR031,Turkey,Türkiye,TR,2022-01-01,2022-03-15,
Hassa,Hassa,TR031008,,,,,,Hatay,Hatay,TR031,Turkey,Türkiye,TR,2022-01-01,2022-03-15,
Iskenderun,Iskenderun,TR031009,,,,,,Hatay,Hatay,TR031,Turkey,Türkiye,TR,2022-01-01,2022-03-15,
Kirikhan,Kirikhan,TR031010,,,,,,Hatay,Hatay,TR031,Turkey,Türkiye,TR,2022-01-01,2022-03-15,
Kumlu,Kumlu,TR031011,,,,,,Hatay,Hatay,TR031,Turkey,Türkiye,TR,2022-01-01,2022-03-15,
Payas,Payas,TR031012,,,,,,Hatay,Hatay,TR031,Turkey,Türkiye,TR,2022-01-01,2022-03-15,
Reyhanli,Reyhanli,TR031013,,,,,,Hatay,Hatay,TR031,Turkey,Türkiye,TR,2022-01-01,2022-03-15,
Samandag,Samandağ,TR031014,,,,,,Hatay,Hatay,TR031,Turkey,Türkiye,TR,2022-01-01,2022-03-15,
Yayladagi,Yayladaği,TR031015,,,,,,Hatay,Hatay,TR031,Turkey,Türkiye,TR,2022-01-01,2022-03-15,
Aksu,Aksu,TR032001,,,,,,Isparta,Isparta,TR032,Turkey,Türkiye,TR,2022-01-01,2022-03-15,
Atabey,Atabey,TR032002,,,,,,Isparta,Isparta,TR032,Turkey,Türkiye,TR,2022-01-01,2022-03-15,
Egirdir,Eğirdir,TR032003,,,,,,Isparta,Isparta,TR032,Turkey,Türkiye,TR,2022-01-01,2022-03-15,
Gelendost,Gelendost,TR032004,,,,,,Isparta,Isparta,TR032,Turkey,Türkiye,TR,2022-01-01,2022-03-15,
Gonen,Gönen,TR032005,,,,,,Isparta,Isparta,TR032,Turkey,Türkiye,TR,2022-01-01,2022-03-15,
Isparta,Isparta,TR032006,,,,,,Isparta,Isparta,TR032,Turkey,Türkiye,TR,2022-01-01,2022-03-15,
Keciborlu,Keçiborlu,TR032007,,,,,,Isparta,Isparta,TR032,Turkey,Türkiye,TR,2022-01-01,2022-03-15,
Senirkent,Senirkent,TR032008,,,,,,Isparta,Isparta,TR032,Turkey,Türkiye,TR,2022-01-01,2022-03-15,
Sutculer,Sütçüler,TR032009,,,,,,Isparta,Isparta,TR032,Turkey,Türkiye,TR,2022-01-01,2022-03-15,
Sarkikaraagac,Şarkikaraağaç,TR032010,,,,,,Isparta,Isparta,TR032,Turkey,Türkiye,TR,2022-01-01,2022-03-15,
Uluborlu,Uluborlu,TR032011,,,,,,Isparta,Isparta,TR032,Turkey,Türkiye,TR,2022-01-01,2022-03-15,
Yalvac,Yalvaç,TR032012,,,,,,Isparta,Isparta,TR032,Turkey,Türkiye,TR,2022-01-01,2022-03-15,
Yenisarbademli,Yenişarbademli,TR032013,,,,,,Isparta,Isparta,TR032,Turkey,Türkiye,TR,2022-01-01,2022-03-15,
Akdeniz,Akdeniz,TR033001,,,,,,Mersin,Mersin,TR033,Turkey,Türkiye,TR,2022-01-01,2022-03-15,
Anamur,Anamur,TR033002,,,,,,Mersin,Mersin,TR033,Turkey,Türkiye,TR,2022-01-01,2022-03-15,
Aydincik,Aydincik,TR033003,,,,,,Mersin,Mersin,TR033,Turkey,Türkiye,TR,2022-01-01,2022-03-15,
Bozyazi,Bozyazi,TR033004,,,,,,Mersin,Mersin,TR033,Turkey,Türkiye,TR,2022-01-01,2022-03-15,
Camliyayla,Çamliyayla,TR033005,,,,,,Mersin,Mersin,TR033,Turkey,Türkiye,TR,2022-01-01,2022-03-15,
Erdemli,Erdemli,TR033006,,,,,,Mersin,Mersin,TR033,Turkey,Türkiye,TR,2022-01-01,2022-03-15,
Gulnar,Gülnar,TR033007,,,,,,Mersin,Mersin,TR033,Turkey,Türkiye,TR,2022-01-01,2022-03-15,
Mezitli,Mezitli,TR033008,,,,,,Mersin,Mersin,TR033,Turkey,Türkiye,TR,2022-01-01,2022-03-15,
Mut,Mut,TR033009,,,,,,Mersin,Mersin,TR033,Turkey,Türkiye,TR,2022-01-01,2022-03-15,
Silifke,Silifke,TR033010,,,,,,Mersin,Mersin,TR033,Turkey,Türkiye,TR,2022-01-01,2022-03-15,
Tarsus,Tarsus,TR033011,,,,,,Mersin,Mersin,TR033,Turkey,Türkiye,TR,2022-01-01,2022-03-15,
Toroslar,Toroslar,TR033012,,,,,,Mersin,Mersin,TR033,Turkey,Türkiye,TR,2022-01-01,2022-03-15,
Yenisehir,Yenişehir,TR033013,,,,,,Mersin,Mersin,TR033,Turkey,Türkiye,TR,2022-01-01,2022-03-15,
Adalar,Adalar,TR034001,,,,,,Istanbul,Istanbul,TR034,Turkey,Türkiye,TR,2022-01-01,2022-03-15,
Arnavutkoy,Arnavutköy,TR034002,,,,,,Istanbul,Istanbul,TR034,Turkey,Türkiye,TR,2022-01-01,2022-03-15,
Atasehir,Ataşehir,TR034003,,,,,,Istanbul,Istanbul,TR034,Turkey,Türkiye,TR,2022-01-01,2022-03-15,
Avcilar,Avcilar,TR034004,,,,,,Istanbul,Istanbul,TR034,Turkey,Türkiye,TR,2022-01-01,2022-03-15,
Bagcilar,Bağcilar,TR034005,,,,,,Istanbul,Istanbul,TR034,Turkey,Türkiye,TR,2022-01-01,2022-03-15,
Bahcelievler,Bahçelievler,TR034006,,,,,,Istanbul,Istanbul,TR034,Turkey,Türkiye,TR,2022-01-01,2022-03-15,
Bakirkoy,Bakirköy,TR034007,,,,,,Istanbul,Istanbul,TR034,Turkey,Türkiye,TR,2022-01-01,2022-03-15,
Basaksehir,Başakşehir,TR034008,,,,,,Istanbul,Istanbul,TR034,Turkey,Türkiye,TR,2022-01-01,2022-03-15,
Bayrampasa,Bayrampaşa,TR034009,,,,,,Istanbul,Istanbul,TR034,Turkey,Türkiye,TR,2022-01-01,2022-03-15,
Besiktas,Beşiktaş,TR034010,,,,,,Istanbul,Istanbul,TR034,Turkey,Türkiye,TR,2022-01-01,2022-03-15,
Beykoz,Beykoz,TR034011,,,,,,Istanbul,Istanbul,TR034,Turkey,Türkiye,TR,2022-01-01,2022-03-15,
Beylikduzu,Beylikdüzü,TR034012,,,,,,Istanbul,Istanbul,TR034,Turkey,Türkiye,TR,2022-01-01,2022-03-15,
Beyoglu,Beyoğlu,TR034013,,,,,,Istanbul,Istanbul,TR034,Turkey,Türkiye,TR,2022-01-01,2022-03-15,
Buyukcekmece,Büyükçekmece,TR034014,,,,,,Istanbul,Istanbul,TR034,Turkey,Türkiye,TR,2022-01-01,2022-03-15,
Catalca,Çatalca,TR034015,,,,,,Istanbul,Istanbul,TR034,Turkey,Türkiye,TR,2022-01-01,2022-03-15,
Cekmekoy,Çekmeköy,TR034016,,,,,,Istanbul,Istanbul,TR034,Turkey,Türkiye,TR,2022-01-01,2022-03-15,
Esenler,Esenler,TR034017,,,,,,Istanbul,Istanbul,TR034,Turkey,Türkiye,TR,2022-01-01,2022-03-15,
Esenyurt,Esenyurt,TR034018,,,,,,Istanbul,Istanbul,TR034,Turkey,Türkiye,TR,2022-01-01,2022-03-15,
Eyupsultan,Eyüpsultan,TR034019,,,,,,Istanbul,Istanbul,TR034,Turkey,Türkiye,TR,2022-01-01,2022-03-15,
Fatih,Fatih,TR034020,,,,,,Istanbul,Istanbul,TR034,Turkey,Türkiye,TR,2022-01-01,2022-03-15,
Gaziosmanpasa,Gaziosmanpaşa,TR034021,,,,,,Istanbul,Istanbul,TR034,Turkey,Türkiye,TR,2022-01-01,2022-03-15,
Gungoren,Güngören,TR034022,,,,,,Istanbul,Istanbul,TR034,Turkey,Türkiye,TR,2022-01-01,2022-03-15,
Kadikoy,Kadiköy,TR034023,,,,,,Istanbul,Istanbul,TR034,Turkey,Türkiye,TR,2022-01-01,2022-03-15,
Kagithane,Kağithane,TR034024,,,,,,Istanbul,Istanbul,TR034,Turkey,Türkiye,TR,2022-01-01,2022-03-15,
Kartal,Kartal,TR034025,,,,,,Istanbul,Istanbul,TR034,Turkey,Türkiye,TR,2022-01-01,2022-03-15,
Kucukcekmece,Küçükçekmece,TR034026,,,,,,Istanbul,Istanbul,TR034,Turkey,Türkiye,TR,2022-01-01,2022-03-15,
Maltepe,Maltepe,TR034027,,,,,,Istanbul,Istanbul,TR034,Turkey,Türkiye,TR,2022-01-01,2022-03-15,
Pendik,Pendik,TR034028,,,,,,Istanbul,Istanbul,TR034,Turkey,Türkiye,TR,2022-01-01,2022-03-15,
Sancaktepe,Sancaktepe,TR034029,,,,,,Istanbul,Istanbul,TR034,Turkey,Türkiye,TR,2022-01-01,2022-03-15,
Sariyer,Sariyer,TR034030,,,,,,Istanbul,Istanbul,TR034,Turkey,Türkiye,TR,2022-01-01,2022-03-15,
Silivri,Silivri,TR034031,,,,,,Istanbul,Istanbul,TR034,Turkey,Türkiye,TR,2022-01-01,2022-03-15,
Sultanbeyli,Sultanbeyli,TR034032,,,,,,Istanbul,Istanbul,TR034,Turkey,Türkiye,TR,2022-01-01,2022-03-15,
Sultangazi,Sultangazi,TR034033,,,,,,Istanbul,Istanbul,TR034,Turkey,Türkiye,TR,2022-01-01,2022-03-15,
Sile,Şile,TR034034,,,,,,Istanbul,Istanbul,TR034,Turkey,Türkiye,TR,2022-01-01,2022-03-15,
Sisli,Şişli,TR034035,,,,,,Istanbul,Istanbul,TR034,Turkey,Türkiye,TR,2022-01-01,2022-03-15,
Tuzla,Tuzla,TR034036,,,,,,Istanbul,Istanbul,TR034,Turkey,Türkiye,TR,2022-01-01,2022-03-15,
Umraniye,Ümraniye,TR034037,,,,,,Istanbul,Istanbul,TR034,Turkey,Türkiye,TR,2022-01-01,2022-03-15,
Uskudar,Üsküdar,TR034038,,,,,,Istanbul,Istanbul,TR034,Turkey,Türkiye,TR,2022-01-01,2022-03-15,
Zeytinburnu,Zeytinburnu,TR034039,,,,,,Istanbul,Istanbul,TR034,Turkey,Türkiye,TR,2022-01-01,2022-03-15,
Aliaga,Aliağa,TR035001,,,,,,Izmir,Izmir,TR035,Turkey,Türkiye,TR,2022-01-01,2022-03-15,
Balcova,Balçova,TR035002,,,,,,Izmir,Izmir,TR035,Turkey,Türkiye,TR,2022-01-01,2022-03-15,
Bayindir,Bayindir,TR035003,,,,,,Izmir,Izmir,TR035,Turkey,Türkiye,TR,2022-01-01,2022-03-15,
Bayrakli,Bayrakli,TR035004,,,,,,Izmir,Izmir,TR035,Turkey,Türkiye,TR,2022-01-01,2022-03-15,
Bergama,Bergama,TR035005,,,,,,Izmir,Izmir,TR035,Turkey,Türkiye,TR,2022-01-01,2022-03-15,
Beydag,Beydağ,TR035006,,,,,,Izmir,Izmir,TR035,Turkey,Türkiye,TR,2022-01-01,2022-03-15,
Bornova,Bornova,TR035007,,,,,,Izmir,Izmir,TR035,Turkey,Türkiye,TR,2022-01-01,2022-03-15,
Buca,Buca,TR035008,,,,,,Izmir,Izmir,TR035,Turkey,Türkiye,TR,2022-01-01,2022-03-15,
Cesme,Çeşme,TR035009,,,,,,Izmir,Izmir,TR035,Turkey,Türkiye,TR,2022-01-01,2022-03-15,
Cigli,Çiğli,TR035010,,,,,,Izmir,Izmir,TR035,Turkey,Türkiye,TR,2022-01-01,2022-03-15,
Dikili,Dikili,TR035011,,,,,,Izmir,Izmir,TR035,Turkey,Türkiye,TR,2022-01-01,2022-03-15,
Foca,Foça,TR035012,,,,,,Izmir,Izmir,TR035,Turkey,Türkiye,TR,2022-01-01,2022-03-15,
Gaziemir,Gaziemir,TR035013,,,,,,Izmir,Izmir,TR035,Turkey,Türkiye,TR,2022-01-01,2022-03-15,
Guzelbahce,Güzelbahçe,TR035014,,,,,,Izmir,Izmir,TR035,Turkey,Türkiye,TR,2022-01-01,2022-03-15,
Karabaglar,Karabağlar,TR035015,,,,,,Izmir,Izmir,TR035,Turkey,Türkiye,TR,2022-01-01,2022-03-15,
Karaburun,Karaburun,TR035016,,,,,,Izmir,Izmir,TR035,Turkey,Türkiye,TR,2022-01-01,2022-03-15,
Karsiyaka,Karşiyaka,TR035017,,,,,,Izmir,Izmir,TR035,Turkey,Türkiye,TR,2022-01-01,2022-03-15,
Kemalpasa,Kemalpaşa,TR035018,,,,,,Izmir,Izmir,TR035,Turkey,Türkiye,TR,2022-01-01,2022-03-15,
Kinik,Kinik,TR035019,,,,,,Izmir,Izmir,TR035,Turkey,Türkiye,TR,2022-01-01,2022-03-15,
Kiraz,Kiraz,TR035020,,,,,,Izmir,Izmir,TR035,Turkey,Türkiye,TR,2022-01-01,2022-03-15,
Konak,Konak,TR035021,,,,,,Izmir,Izmir,TR035,Turkey,Türkiye,TR,2022-01-01,2022-03-15,
Menderes,Menderes,TR035022,,,,,,Izmir,Izmir,TR035,Turkey,Türkiye,TR,2022-01-01,2022-03-15,
Menemen,Menemen,TR035023,,,,,,Izmir,Izmir,TR035,Turkey,Türkiye,TR,2022-01-01,2022-03-15,
Narlidere,Narlidere,TR035024,,,,,,Izmir,Izmir,TR035,Turkey,Türkiye,TR,2022-01-01,2022-03-15,
Odemis,Ödemiş,TR035025,,,,,,Izmir,Izmir,TR035,Turkey,Türkiye,TR,2022-01-01,2022-03-15,
Seferihisar,Seferihisar,TR035026,,,,,,Izmir,Izmir,TR035,Turkey,Türkiye,TR,2022-01-01,2022-03-15,
Selcuk,Selçuk,TR035027,,,,,,Izmir,Izmir,TR035,Turkey,Türkiye,TR,2022-01-01,2022-03-15,
Tire,Tire,TR035028,,,,,,Izmir,Izmir,TR035,Turkey,Türkiye,TR,2022-01-01,2022-03-15,
Torbali,Torbali,TR035029,,,,,,Izmir,Izmir,TR035,Turkey,Türkiye,TR,2022-01-01,2022-03-15,
Urla,Urla,TR035030,,,,,,Izmir,Izmir,TR035,Turkey,Türkiye,TR,2022-01-01,2022-03-15,
Akyaka,Akyaka,TR036001,,,,,,Kars,Kars,TR036,Turkey,Türkiye,TR,2022-01-01,2022-03-15,
Arpacay,Arpaçay,TR036002,,,,,,Kars,Kars,TR036,Turkey,Türkiye,TR,2022-01-01,2022-03-15,
Digor,Digor,TR036003,,,,,,Kars,Kars,TR036,Turkey,Türkiye,TR,2022-01-01,2022-03-15,
Kagizman,Kağizman,TR036004,,,,,,Kars,Kars,TR036,Turkey,Türkiye,TR,2022-01-01,2022-03-15,
Kars,Kars,TR036005,,,,,,Kars,Kars,TR036,Turkey,Türkiye,TR,2022-01-01,2022-03-15,
Sarikamis,Sarikamiş,TR036006,,,,,,Kars,Kars,TR036,Turkey,Türkiye,TR,2022-01-01,2022-03-15,
Selim,Selim,TR036007,,,,,,Kars,Kars,TR036,Turkey,Türkiye,TR,2022-01-01,2022-03-15,
Susuz,Susuz,TR036008,,,,,,Kars,Kars,TR036,Turkey,Türkiye,TR,2022-01-01,2022-03-15,
Abana,Abana,TR037001,,,,,,Kastamonu,Kastamonu,TR037,Turkey,Türkiye,TR,2022-01-01,2022-03-15,
Agli,Ağli,TR037002,,,,,,Kastamonu,Kastamonu,TR037,Turkey,Türkiye,TR,2022-01-01,2022-03-15,
Arac,Araç,TR037003,,,,,,Kastamonu,Kastamonu,TR037,Turkey,Türkiye,TR,2022-01-01,2022-03-15,
Azdavay,Azdavay,TR037004,,,,,,Kastamonu,Kastamonu,TR037,Turkey,Türkiye,TR,2022-01-01,2022-03-15,
Bozkurt,Bozkurt,TR037005,,,,,,Kastamonu,Kastamonu,TR037,Turkey,Türkiye,TR,2022-01-01,2022-03-15,
Cide,Cide,TR037006,,,,,,Kastamonu,Kastamonu,TR037,Turkey,Türkiye,TR,2022-01-01,2022-03-15,
Catalzeytin,Çatalzeytin,TR037007,,,,,,Kastamonu,Kastamonu,TR037,Turkey,Türkiye,TR,2022-01-01,2022-03-15,
Daday,Daday,TR037008,,,,,,Kastamonu,Kastamonu,TR037,Turkey,Türkiye,TR,2022-01-01,2022-03-15,
Devrekani,Devrekani,TR037009,,,,,,Kastamonu,Kastamonu,TR037,Turkey,Türkiye,TR,2022-01-01,2022-03-15,
Doganyurt,Doğanyurt,TR037010,,,,,,Kastamonu,Kastamonu,TR037,Turkey,Türkiye,TR,2022-01-01,2022-03-15,
Hanonu,Hanönü,TR037011,,,,,,Kastamonu,Kastamonu,TR037,Turkey,Türkiye,TR,2022-01-01,2022-03-15,
Ihsangazi,Ihsangazi,TR037012,,,,,,Kastamonu,Kastamonu,TR037,Turkey,Türkiye,TR,2022-01-01,2022-03-15,
Inebolu,Inebolu,TR037013,,,,,,Kastamonu,Kastamonu,TR037,Turkey,Türkiye,TR,2022-01-01,2022-03-15,
Kastamonu,Kastamonu,TR037014,,,,,,Kastamonu,Kastamonu,TR037,Turkey,Türkiye,TR,2022-01-01,2022-03-15,
Kure,Küre,TR037015,,,,,,Kastamonu,Kastamonu,TR037,Turkey,Türkiye,TR,2022-01-01,2022-03-15,
Pinarbasi,Pinarbaşi,TR037016,,,,,,Kastamonu,Kastamonu,TR037,Turkey,Türkiye,TR,2022-01-01,2022-03-15,
Seydiler,Seydiler,TR037017,,,,,,Kastamonu,Kastamonu,TR037,Turkey,Türkiye,TR,2022-01-01,2022-03-15,
Senpazar,Şenpazar,TR037018,,,,,,Kastamonu,Kastamonu,TR037,Turkey,Türkiye,TR,2022-01-01,2022-03-15,
Taskopru,Taşköprü,TR037019,,,,,,Kastamonu,Kastamonu,TR037,Turkey,Türkiye,TR,2022-01-01,2022-03-15,
Tosya,Tosya,TR037020,,,,,,Kastamonu,Kastamonu,TR037,Turkey,Türkiye,TR,2022-01-01,2022-03-15,
Akkisla,Akkişla,TR038001,,,,,,Kayseri,Kayseri,TR038,Turkey,Türkiye,TR,2022-01-01,2022-03-15,
Bunyan,Bünyan,TR038002,,,,,,Kayseri,Kayseri,TR038,Turkey,Türkiye,TR,2022-01-01,2022-03-15,
Develi,Develi,TR038003,,,,,,Kayseri,Kayseri,TR038,Turkey,Türkiye,TR,2022-01-01,2022-03-15,
Felahiye,Felahiye,TR038004,,,,,,Kayseri,Kayseri,TR038,Turkey,Türkiye,TR,2022-01-01,2022-03-15,
Hacilar,Hacilar,TR038005,,,,,,Kayseri,Kayseri,TR038,Turkey,Türkiye,TR,2022-01-01,2022-03-15,
Incesu,Incesu,TR038006,,,,,,Kayseri,Kayseri,TR038,Turkey,Türkiye,TR,2022-01-01,2022-03-15,
Kocasinan,Kocasinan,TR038007,,,,,,Kayseri,Kayseri,TR038,Turkey,Türkiye,TR,2022-01-01,2022-03-15,
Melikgazi,Melikgazi,TR038008,,,,,,Kayseri,Kayseri,TR038,Turkey,Türkiye,TR,2022-01-01,2022-03-15,
Ozvatan,Özvatan,TR038009,,,,,,Kayseri,Kayseri,TR038,Turkey,Türkiye,TR,2022-01-01,2022-03-15,
Pinarbasi,Pinarbaşi,TR038010,,,,,,Kayseri,Kayseri,TR038,Turkey,Türkiye,TR,2022-01-01,2022-03-15,
Sarioglan,Sarioğlan,TR038011,,,,,,Kayseri,Kayseri,TR038,Turkey,Türkiye,TR,2022-01-01,2022-03-15,
Sariz,Sariz,TR038012,,,,,,Kayseri,Kayseri,TR038,Turkey,Türkiye,TR,2022-01-01,2022-03-15,
Talas,Talas,TR038013,,,,,,Kayseri,Kayseri,TR038,Turkey,Türkiye,TR,2022-01-01,2022-03-15,
Tomarza,Tomarza,TR038014,,,,,,Kayseri,Kayseri,TR038,Turkey,Türkiye,TR,2022-01-01,2022-03-15,
Yahyali,Yahyali,TR038015,,,,,,Kayseri,Kayseri,TR038,Turkey,Türkiye,TR,2022-01-01,2022-03-15,
Yesilhisar,Yeşilhisar,TR038016,,,,,,Kayseri,Kayseri,TR038,Turkey,Türkiye,TR,2022-01-01,2022-03-15,
Babaeski,Babaeski,TR039001,,,,,,Kirklareli,Kirklareli,TR039,Turkey,Türkiye,TR,2022-01-01,2022-03-15,
Demirkoy,Demirköy,TR039002,,,,,,Kirklareli,Kirklareli,TR039,Turkey,Türkiye,TR,2022-01-01,2022-03-15,
Kirklareli,Kirklareli,TR039003,,,,,,Kirklareli,Kirklareli,TR039,Turkey,Türkiye,TR,2022-01-01,2022-03-15,
Kofcaz,Kofçaz,TR039004,,,,,,Kirklareli,Kirklareli,TR039,Turkey,Türkiye,TR,2022-01-01,2022-03-15,
Luleburgaz,Lüleburgaz,TR039005,,,,,,Kirklareli,Kirklareli,TR039,Turkey,Türkiye,TR,2022-01-01,2022-03-15,
Pehlivankoy,Pehlivanköy,TR039006,,,,,,Kirklareli,Kirklareli,TR039,Turkey,Türkiye,TR,2022-01-01,2022-03-15,
Pinarhisar,Pinarhisar,TR039007,,,,,,Kirklareli,Kirklareli,TR039,Turkey,Türkiye,TR,2022-01-01,2022-03-15,
Vize,Vize,TR039008,,,,,,Kirklareli,Kirklareli,TR039,Turkey,Türkiye,TR,2022-01-01,2022-03-15,
Akcakent,Akçakent,TR040001,,,,,,Kirsehir,Kirşehir,TR040,Turkey,Türkiye,TR,2022-01-01,2022-03-15,
Akpinar,Akpinar,TR040002,,,,,,Kirsehir,Kirşehir,TR040,Turkey,Türkiye,TR,2022-01-01,2022-03-15,
Boztepe,Boztepe,TR040003,,,,,,Kirsehir,Kirşehir,TR040,Turkey,Türkiye,TR,2022-01-01,2022-03-15,
Cicekdagi,Çiçekdaği,TR040004,,,,,,Kirsehir,Kirşehir,TR040,Turkey,Türkiye,TR,2022-01-01,2022-03-15,
Kaman,Kaman,TR040005,,,,,,Kirsehir,Kirşehir,TR040,Turkey,Türkiye,TR,2022-01-01,2022-03-15,
Kirsehir,Kirşehir,TR040006,,,,,,Kirsehir,Kirşehir,TR040,Turkey,Türkiye,TR,2022-01-01,2022-03-15,
Mucur,Mucur,TR040007,,,,,,Kirsehir,Kirşehir,TR040,Turkey,Türkiye,TR,2022-01-01,2022-03-15,
Basiskele,Başiskele,TR041001,,,,,,Kocaeli,Kocaeli,TR041,Turkey,Türkiye,TR,2022-01-01,2022-03-15,
Cayirova,Çayirova,TR041002,,,,,,Kocaeli,Kocaeli,TR041,Turkey,Türkiye,TR,2022-01-01,2022-03-15,
Darica,Darica,TR041003,,,,,,Kocaeli,Kocaeli,TR041,Turkey,Türkiye,TR,2022-01-01,2022-03-15,
Derince,Derince,TR041004,,,,,,Kocaeli,Kocaeli,TR041,Turkey,Türkiye,TR,2022-01-01,2022-03-15,
Dilovasi,Dilovasi,TR041005,,,,,,Kocaeli,Kocaeli,TR041,Turkey,Türkiye,TR,2022-01-01,2022-03-15,
Gebze,Gebze,TR041006,,,,,,Kocaeli,Kocaeli,TR041,Turkey,Türkiye,TR,2022-01-01,2022-03-15,
Golcuk,Gölcük,TR041007,,,,,,Kocaeli,Kocaeli,TR041,Turkey,Türkiye,TR,2022-01-01,2022-03-15,
Izmit,Izmit,TR041008,,,,,,Kocaeli,Kocaeli,TR041,Turkey,Türkiye,TR,2022-01-01,2022-03-15,
Kandira,Kandira,TR041009,,,,,,Kocaeli,Kocaeli,TR041,Turkey,Türkiye,TR,2022-01-01,2022-03-15,
Karamursel,Karamürsel,TR041010,,,,,,Kocaeli,Kocaeli,TR041,Turkey,Türkiye,TR,2022-01-01,2022-03-15,
Kartepe,Kartepe,TR041011,,,,,,Kocaeli,Kocaeli,TR041,Turkey,Türkiye,TR,2022-01-01,2022-03-15,
Korfez,Körfez,TR041012,,,,,,Kocaeli,Kocaeli,TR041,Turkey,Türkiye,TR,2022-01-01,2022-03-15,
Ahirli,Ahirli,TR042001,,,,,,Konya,Konya,TR042,Turkey,Türkiye,TR,2022-01-01,2022-03-15,
Akoren,Akören,TR042002,,,,,,Konya,Konya,TR042,Turkey,Türkiye,TR,2022-01-01,2022-03-15,
Aksehir,Akşehir,TR042003,,,,,,Konya,Konya,TR042,Turkey,Türkiye,TR,2022-01-01,2022-03-15,
Altinekin,Altinekin,TR042004,,,,,,Konya,Konya,TR042,Turkey,Türkiye,TR,2022-01-01,2022-03-15,
Beysehir,Beyşehir,TR042005,,,,,,Konya,Konya,TR042,Turkey,Türkiye,TR,2022-01-01,2022-03-15,
Bozkir,Bozkir,TR042006,,,,,,Konya,Konya,TR042,Turkey,Türkiye,TR,2022-01-01,2022-03-15,
Cihanbeyli,Cihanbeyli,TR042007,,,,,,Konya,Konya,TR042,Turkey,Türkiye,TR,2022-01-01,2022-03-15,
Celtik,Çeltik,TR042008,,,,,,Konya,Konya,TR042,Turkey,Türkiye,TR,2022-01-01,2022-03-15,
Cumra,Çumra,TR042009,,,,,,Konya,Konya,TR042,Turkey,Türkiye,TR,2022-01-01,2022-03-15,
Derbent,Derbent,TR042010,,,,,,Konya,Konya,TR042,Turkey,Türkiye,TR,2022-01-01,2022-03-15,
Derebucak,Derebucak,TR042011,,,,,,Konya,Konya,TR042,Turkey,Türkiye,TR,2022-01-01,2022-03-15,
Doganhisar,Doğanhisar,TR042012,,,,,,Konya,Konya,TR042,Turkey,Türkiye,TR,2022-01-01,2022-03-15,
Emirgazi,Emirgazi,TR042013,,,,,,Konya,Konya,TR042,Turkey,Türkiye,TR,2022-01-01,2022-03-15,
Eregli,Ereğli,TR042014,,,,,,Konya,Konya,TR042,Turkey,Türkiye,TR,2022-01-01,2022-03-15,
Guneysinir,Güneysinir,TR042015,,,,,,Konya,Konya,TR042,Turkey,Türkiye,TR,2022-01-01,2022-03-15,
Hadim,Hadim,TR042016,,,,,,Konya,Konya,TR042,Turkey,Türkiye,TR,2022-01-01,2022-03-15,
Halkapinar,Halkapinar,TR042017,,,,,,Konya,Konya,TR042,Turkey,Türkiye,TR,2022-01-01,2022-03-15,
Huyuk,Hüyük,TR042018,,,,,,Konya,Konya,TR042,Turkey,Türkiye,TR,2022-01-01,2022-03-15,
Ilgin,Ilgin,TR042019,,,,,,Konya,Konya,TR042,Turkey,Türkiye,TR,2022-01-01,2022-03-15,
Kadinhani,Kadinhani,TR042020,,,,,,Konya,Konya,TR042,Turkey,Türkiye,TR,2022-01-01,2022-03-15,
Karapinar,Karapinar,TR042021,,,,,,Konya,Konya,TR042,Turkey,Türkiye,TR,2022-01-01,2022-03-15,
Karatay,Karatay,TR042022,,,,,,Konya,Konya,TR042,Turkey,Türkiye,TR,2022-01-01,2022-03-15,
Kulu,Kulu,TR042023,,,,,,Konya,Konya,TR042,Turkey,Türkiye,TR,2022-01-01,2022-03-15,
Meram,Meram,TR042024,,,,,,Konya,Konya,TR042,Turkey,Türkiye,TR,2022-01-01,2022-03-15,
Sarayonu,Sarayönü,TR042025,,,,,,Konya,Konya,TR042,Turkey,Türkiye,TR,2022-01-01,2022-03-15,
Selcuklu,Selçuklu,TR042026,,,,,,Konya,Konya,TR042,Turkey,Türkiye,TR,2022-01-01,2022-03-15,
Seydisehir,Seydişehir,TR042027,,,,,,Konya,Konya,TR042,Turkey,Türkiye,TR,2022-01-01,2022-03-15,
Taskent,Taşkent,TR042028,,,,,,Konya,Konya,TR042,Turkey,Türkiye,TR,2022-01-01,2022-03-15,
Tuzlukcu,Tuzlukçu,TR042029,,,,,,Konya,Konya,TR042,Turkey,Türkiye,TR,2022-01-01,2022-03-15,
Yalihuyuk,Yalihüyük,TR042030,,,,,,Konya,Konya,TR042,Turkey,Türkiye,TR,2022-01-01,2022-03-15,
Yunak,Yunak,TR042031,,,,,,Konya,Konya,TR042,Turkey,Türkiye,TR,2022-01-01,2022-03-15,
Altintas,Altintaş,TR043001,,,,,,Kutahya,Kütahya,TR043,Turkey,Türkiye,TR,2022-01-01,2022-03-15,
Aslanapa,Aslanapa,TR043002,,,,,,Kutahya,Kütahya,TR043,Turkey,Türkiye,TR,2022-01-01,2022-03-15,
Cavdarhisar,Çavdarhisar,TR043003,,,,,,Kutahya,Kütahya,TR043,Turkey,Türkiye,TR,2022-01-01,2022-03-15,
Domanic,Domaniç,TR043004,,,,,,Kutahya,Kütahya,TR043,Turkey,Türkiye,TR,2022-01-01,2022-03-15,
Dumlupinar,Dumlupinar,TR043005,,,,,,Kutahya,Kütahya,TR043,Turkey,Türkiye,TR,2022-01-01,2022-03-15,
Emet,Emet,TR043006,,,,,,Kutahya,Kütahya,TR043,Turkey,Türkiye,TR,2022-01-01,2022-03-15,
Gediz,Gediz,TR043007,,,,,,Kutahya,Kütahya,TR043,Turkey,Türkiye,TR,2022-01-01,2022-03-15,
Hisarcik,Hisarcik,TR043008,,,,,,Kutahya,Kütahya,TR043,Turkey,Türkiye,TR,2022-01-01,2022-03-15,
Kutahya,Kütahya,TR043009,,,,,,Kutahya,Kütahya,TR043,Turkey,Türkiye,TR,2022-01-01,2022-03-15,
Pazarlar,Pazarlar,TR043010,,,,,,Kutahya,Kütahya,TR043,Turkey,Türkiye,TR,2022-01-01,2022-03-15,
Simav,Simav,TR043011,,,,,,Kutahya,Kütahya,TR043,Turkey,Türkiye,TR,2022-01-01,2022-03-15,
Saphane,Şaphane,TR043012,,,,,,Kutahya,Kütahya,TR043,Turkey,Türkiye,TR,2022-01-01,2022-03-15,
Tavsanli,Tavşanli,TR043013,,,,,,Kutahya,Kütahya,TR043,Turkey,Türkiye,TR,2022-01-01,2022-03-15,
Akcadag,Akçadağ,TR044001,,,,,,Malatya,Malatya,TR044,Turkey,Türkiye,TR,2022-01-01,2022-03-15,
Arapgir,Arapgir,TR044002,,,,,,Malatya,Malatya,TR044,Turkey,Türkiye,TR,2022-01-01,2022-03-15,
Arguvan,Arguvan,TR044003,,,,,,Malatya,Malatya,TR044,Turkey,Türkiye,TR,2022-01-01,2022-03-15,
Battalgazi,Battalgazi,TR044004,,,,,,Malatya,Malatya,TR044,Turkey,Türkiye,TR,2022-01-01,2022-03-15,
Darende,Darende,TR044005,,,,,,Malatya,Malatya,TR044,Turkey,Türkiye,TR,2022-01-01,2022-03-15,
Dogansehir,Doğanşehir,TR044006,,,,,,Malatya,Malatya,TR044,Turkey,Türkiye,TR,2022-01-01,2022-03-15,
Doganyol,Doğanyol,TR044007,,,,,,Malatya,Malatya,TR044,Turkey,Türkiye,TR,2022-01-01,2022-03-15,
Hekimhan,Hekimhan,TR044008,,,,,,Malatya,Malatya,TR044,Turkey,Türkiye,TR,2022-01-01,2022-03-15,
Kale,Kale,TR044009,,,,,,Malatya,Malatya,TR044,Turkey,Türkiye,TR,2022-01-01,2022-03-15,
Kuluncak,Kuluncak,TR044010,,,,,,Malatya,Malatya,TR044,Turkey,Türkiye,TR,2022-01-01,2022-03-15,
Puturge,Pütürge,TR044011,,,,,,Malatya,Malatya,TR044,Turkey,Türkiye,TR,2022-01-01,2022-03-15,
Yazihan,Yazihan,TR044012,,,,,,Malatya,Malatya,TR044,Turkey,Türkiye,TR,2022-01-01,2022-03-15,
Yesilyurt,Yeşilyurt,TR044013,,,,,,Malatya,Malatya,TR044,Turkey,Türkiye,TR,2022-01-01,2022-03-15,
Ahmetli,Ahmetli,TR045001,,,,,,Manisa,Manisa,TR045,Turkey,Türkiye,TR,2022-01-01,2022-03-15,
Akhisar,Akhisar,TR045002,,,,,,Manisa,Manisa,TR045,Turkey,Türkiye,TR,2022-01-01,2022-03-15,
Alasehir,Alaşehir,TR045003,,,,,,Manisa,Manisa,TR045,Turkey,Türkiye,TR,2022-01-01,2022-03-15,
Demirci,Demirci,TR045004,,,,,,Manisa,Manisa,TR045,Turkey,Türkiye,TR,2022-01-01,2022-03-15,
Golmarmara,Gölmarmara,TR045005,,,,,,Manisa,Manisa,TR045,Turkey,Türkiye,TR,2022-01-01,2022-03-15,
Gordes,Gördes,TR045006,,,,,,Manisa,Manisa,TR045,Turkey,Türkiye,TR,2022-01-01,2022-03-15,
Kirkagac,Kirkağaç,TR045007,,,,,,Manisa,Manisa,TR045,Turkey,Türkiye,TR,2022-01-01,2022-03-15,
Koprubasi,Köprübaşi,TR045008,,,,,,Manisa,Manisa,TR045,Turkey,Türkiye,TR,2022-01-01,2022-03-15,
Kula,Kula,TR045009,,,,,,Manisa,Manisa,TR045,Turkey,Türkiye,TR,2022-01-01,2022-03-15,
Salihli,Salihli,TR045010,,,,,,Manisa,Manisa,TR045,Turkey,Türkiye,TR,2022-01-01,2022-03-15,
Sarigol,Sarigöl,TR045011,,,,,,Manisa,Manisa,TR045,Turkey,Türkiye,TR,2022-01-01,2022-03-15,
Saruhanli,Saruhanli,TR045012,,,,,,Manisa,Manisa,TR045,Turkey,Türkiye,TR,2022-01-01,2022-03-15,
Selendi,Selendi,TR045013,,,,,,Manisa,Manisa,TR045,Turkey,Türkiye,TR,2022-01-01,2022-03-15,
Soma,Soma,TR045014,,,,,,Manisa,Manisa,TR045,Turkey,Türkiye,TR,2022-01-01,2022-03-15,
Sehzadeler,Şehzadeler,TR045015,,,,,,Manisa,Manisa,TR045,Turkey,Türkiye,TR,2022-01-01,2022-03-15,
Turgutlu,Turgutlu,TR045016,,,,,,Manisa,Manisa,TR045,Turkey,Türkiye,TR,2022-01-01,2022-03-15,
Yunusemre,Yunusemre,TR045017,,,,,,Manisa,Manisa,TR045,Turkey,Türkiye,TR,2022-01-01,2022-03-15,
Afsin,Afşin,TR046001,,,,,,Kahramanmaras,Kahramanmaraş,TR046,Turkey,Türkiye,TR,2022-01-01,2022-03-15,
Andirin,Andirin,TR046002,,,,,,Kahramanmaras,Kahramanmaraş,TR046,Turkey,Türkiye,TR,2022-01-01,2022-03-15,
Caglayancerit,Çağlayancerit,TR046003,,,,,,Kahramanmaras,Kahramanmaraş,TR046,Turkey,Türkiye,TR,2022-01-01,2022-03-15,
Dulkadiroglu,Dulkadiroğlu,TR046004,,,,,,Kahramanmaras,Kahramanmaraş,TR046,Turkey,Türkiye,TR,2022-01-01,2022-03-15,
Ekinozu,Ekinözü,TR046005,,,,,,Kahramanmaras,Kahramanmaraş,TR046,Turkey,Türkiye,TR,2022-01-01,2022-03-15,
Elbistan,Elbistan,TR046006,,,,,,Kahramanmaras,Kahramanmaraş,TR046,Turkey,Türkiye,TR,2022-01-01,2022-03-15,
Goksun,Göksun,TR046007,,,,,,Kahramanmaras,Kahramanmaraş,TR046,Turkey,Türkiye,TR,2022-01-01,2022-03-15,
Nurhak,Nurhak,TR046008,,,,,,Kahramanmaras,Kahramanmaraş,TR046,Turkey,Türkiye,TR,2022-01-01,2022-03-15,
Onikisubat,Onikişubat,TR046009,,,,,,Kahramanmaras,Kahramanmaraş,TR046,Turkey,Türkiye,TR,2022-01-01,2022-03-15,
Pazarcik,Pazarcik,TR046010,,,,,,Kahramanmaras,Kahramanmaraş,TR046,Turkey,Türkiye,TR,2022-01-01,2022-03-15,
Turkoglu,Türkoğlu,TR046011,,,,,,Kahramanmaras,Kahramanmaraş,TR046,Turkey,Türkiye,TR,2022-01-01,2022-03-15,
Artuklu,Artuklu,TR047001,,,,,,Mardin,Mardin,TR047,Turkey,Türkiye,TR,2022-01-01,2022-03-15,
Dargecit,Dargeçit,TR047002,,,,,,Mardin,Mardin,TR047,Turkey,Türkiye,TR,2022-01-01,2022-03-15,
Derik,Derik,TR047003,,,,,,Mardin,Mardin,TR047,Turkey,Türkiye,TR,2022-01-01,2022-03-15,
Kiziltepe,Kiziltepe,TR047004,,,,,,Mardin,Mardin,TR047,Turkey,Türkiye,TR,2022-01-01,2022-03-15,
Mazidagi,Mazidaği,TR047005,,,,,,Mardin,Mardin,TR047,Turkey,Türkiye,TR,2022-01-01,2022-03-15,
Midyat,Midyat,TR047006,,,,,,Mardin,Mardin,TR047,Turkey,Türkiye,TR,2022-01-01,2022-03-15,
Nusaybin,Nusaybin,TR047007,,,,,,Mardin,Mardin,TR047,Turkey,Türkiye,TR,2022-01-01,2022-03-15,
Omerli,Ömerli,TR047008,,,,,,Mardin,Mardin,TR047,Turkey,Türkiye,TR,2022-01-01,2022-03-15,
Savur,Savur,TR047009,,,,,,Mardin,Mardin,TR047,Turkey,Türkiye,TR,2022-01-01,2022-03-15,
Yesilli,Yeşilli,TR047010,,,,,,Mardin,Mardin,TR047,Turkey,Türkiye,TR,2022-01-01,2022-03-15,
Bodrum,Bodrum,TR048001,,,,,,Mugla,Muğla,TR048,Turkey,Türkiye,TR,2022-01-01,2022-03-15,
Dalaman,Dalaman,TR048002,,,,,,Mugla,Muğla,TR048,Turkey,Türkiye,TR,2022-01-01,2022-03-15,
Datca,Datça,TR048003,,,,,,Mugla,Muğla,TR048,Turkey,Türkiye,TR,2022-01-01,2022-03-15,
Fethiye,Fethiye,TR048004,,,,,,Mugla,Muğla,TR048,Turkey,Türkiye,TR,2022-01-01,2022-03-15,
Kavaklidere,Kavaklidere,TR048005,,,,,,Mugla,Muğla,TR048,Turkey,Türkiye,TR,2022-01-01,2022-03-15,
Koycegiz,Köyceğiz,TR048006,,,,,,Mugla,Muğla,TR048,Turkey,Türkiye,TR,2022-01-01,2022-03-15,
Marmaris,Marmaris,TR048007,,,,,,Mugla,Muğla,TR048,Turkey,Türkiye,TR,2022-01-01,2022-03-15,
Mentese,Menteşe,TR048008,,,,,,Mugla,Muğla,TR048,Turkey,Türkiye,TR,2022-01-01,2022-03-15,
Milas,Milas,TR048009,,,,,,Mugla,Muğla,TR048,Turkey,Türkiye,TR,2022-01-01,2022-03-15,
Ortaca,Ortaca,TR048010,,,,,,Mugla,Muğla,TR048,Turkey,Türkiye,TR,2022-01-01,2022-03-15,
Seydikemer,Seydikemer,TR048011,,,,,,Mugla,Muğla,TR048,Turkey,Türkiye,TR,2022-01-01,2022-03-15,
Ula,Ula,TR048012,,,,,,Mugla,Muğla,TR048,Turkey,Türkiye,TR,2022-01-01,2022-03-15,
Yatagan,Yatağan,TR048013,,,,,,Mugla,Muğla,TR048,Turkey,Türkiye,TR,2022-01-01,2022-03-15,
Bulanik,Bulanik,TR049001,,,,,,Mus,Muş,TR049,Turkey,Türkiye,TR,2022-01-01,2022-03-15,
Haskoy,Hasköy,TR049002,,,,,,Mus,Muş,TR049,Turkey,Türkiye,TR,2022-01-01,2022-03-15,
Korkut,Korkut,TR049003,,,,,,Mus,Muş,TR049,Turkey,Türkiye,TR,2022-01-01,2022-03-15,
Malazgirt,Malazgirt,TR049004,,,,,,Mus,Muş,TR049,Turkey,Türkiye,TR,2022-01-01,2022-03-15,
Mus,Muş,TR049005,,,,,,Mus,Muş,TR049,Turkey,Türkiye,TR,2022-01-01,2022-03-15,
Varto,Varto,TR049006,,,,,,Mus,Muş,TR049,Turkey,Türkiye,TR,2022-01-01,2022-03-15,
Acigol,Acigöl,TR050001,,,,,,Nevsehir,Nevşehir,TR050,Turkey,Türkiye,TR,2022-01-01,2022-03-15,
Avanos,Avanos,TR050002,,,,,,Nevsehir,Nevşehir,TR050,Turkey,Türkiye,TR,2022-01-01,2022-03-15,
Derinkuyu,Derinkuyu,TR050003,,,,,,Nevsehir,Nevşehir,TR050,Turkey,Türkiye,TR,2022-01-01,2022-03-15,
Gulsehir,Gülşehir,TR050004,,,,,,Nevsehir,Nevşehir,TR050,Turkey,Türkiye,TR,2022-01-01,2022-03-15,
Hacibektas,Hacibektaş,TR050005,,,,,,Nevsehir,Nevşehir,TR050,Turkey,Türkiye,TR,2022-01-01,2022-03-15,
Kozakli,Kozakli,TR050006,,,,,,Nevsehir,Nevşehir,TR050,Turkey,Türkiye,TR,2022-01-01,2022-03-15,
Nevsehir,Nevşehir,TR050007,,,,,,Nevsehir,Nevşehir,TR050,Turkey,Türkiye,TR,2022-01-01,2022-03-15,
Urgup,Ürgüp,TR050008,,,,,,Nevsehir,Nevşehir,TR050,Turkey,Türkiye,TR,2022-01-01,2022-03-15,
Altunhisar,Altunhisar,TR051001,,,,,,Nigde,Niğde,TR051,Turkey,Türkiye,TR,2022-01-01,2022-03-15,
Bor,Bor,TR051002,,,,,,Nigde,Niğde,TR051,Turkey,Türkiye,TR,2022-01-01,2022-03-15,
Camardi,Çamardi,TR051003,,,,,,Nigde,Niğde,TR051,Turkey,Türkiye,TR,2022-01-01,2022-03-15,
Ciftlik,Çiftlik,TR051004,,,,,,Nigde,Niğde,TR051,Turkey,Türkiye,TR,2022-01-01,2022-03-15,
Nigde,Niğde,TR051005,,,,,,Nigde,Niğde,TR051,Turkey,Türkiye,TR,2022-01-01,2022-03-15,
Ulukisla,Ulukişla,TR051006,,,,,,Nigde,Niğde,TR051,Turkey,Türkiye,TR,2022-01-01,2022-03-15,
Akkus,Akkuş,TR052001,,,,,,Ordu,Ordu,TR052,Turkey,Türkiye,TR,2022-01-01,2022-03-15,
Altinordu,Altinordu,TR052002,,,,,,Ordu,Ordu,TR052,Turkey,Türkiye,TR,2022-01-01,2022-03-15,
Aybasti,Aybasti,TR052003,,,,,,Ordu,Ordu,TR052,Turkey,Türkiye,TR,2022-01-01,2022-03-15,
Camas,Çamaş,TR052004,,,,,,Ordu,Ordu,TR052,Turkey,Türkiye,TR,2022-01-01,2022-03-15,
Catalpinar,Çatalpinar,TR052005,,,,,,Ordu,Ordu,TR052,Turkey,Türkiye,TR,2022-01-01,2022-03-15,
Caybasi,Çaybaşi,TR052006,,,,,,Ordu,Ordu,TR052,Turkey,Türkiye,TR,2022-01-01,2022-03-15,
Fatsa,Fatsa,TR052007,,,,,,Ordu,Ordu,TR052,Turkey,Türkiye,TR,2022-01-01,2022-03-15,
Golkoy,Gölköy,TR052008,,,,,,Ordu,Ordu,TR052,Turkey,Türkiye,TR,2022-01-01,2022-03-15,
Gulyali,Gülyali,TR052009,,,,,,Ordu,Ordu,TR052,Turkey,Türkiye,TR,2022-01-01,2022-03-15,
Gurgentepe,Gürgentepe,TR052010,,,,,,Ordu,Ordu,TR052,Turkey,Türkiye,TR,2022-01-01,2022-03-15,
Ikizce,Ikizce,TR052011,,,,,,Ordu,Ordu,TR052,Turkey,Türkiye,TR,2022-01-01,2022-03-15,
Kabaduz,Kabadüz,TR052012,,,,,,Ordu,Ordu,TR052,Turkey,Türkiye,TR,2022-01-01,2022-03-15,
Kabatas,Kabataş,TR052013,,,,,,Ordu,Ordu,TR052,Turkey,Türkiye,TR,2022-01-01,2022-03-15,
Korgan,Korgan,TR052014,,,,,,Ordu,Ordu,TR052,Turkey,Türkiye,TR,2022-01-01,2022-03-15,
Kumru,Kumru,TR052015,,,,,,Ordu,Ordu,TR052,Turkey,Türkiye,TR,2022-01-01,2022-03-15,
Mesudiye,Mesudiye,TR052016,,,,,,Ordu,Ordu,TR052,Turkey,Türkiye,TR,2022-01-01,2022-03-15,
Persembe,Perşembe,TR052017,,,,,,Ordu,Ordu,TR052,Turkey,Türkiye,TR,2022-01-01,2022-03-15,
Ulubey,Ulubey,TR052018,,,,,,Ordu,Ordu,TR052,Turkey,Türkiye,TR,2022-01-01,2022-03-15,
Unye,Ünye,TR052019,,,,,,Ordu,Ordu,TR052,Turkey,Türkiye,TR,2022-01-01,2022-03-15,
Ardesen,Ardeşen,TR053001,,,,,,Rize,Rize,TR053,Turkey,Türkiye,TR,2022-01-01,2022-03-15,
Camlihemsin,Çamlihemşin,TR053002,,,,,,Rize,Rize,TR053,Turkey,Türkiye,TR,2022-01-01,2022-03-15,
Cayeli,Çayeli,TR053003,,,,,,Rize,Rize,TR053,Turkey,Türkiye,TR,2022-01-01,2022-03-15,
Derepazari,Derepazari,TR053004,,,,,,Rize,Rize,TR053,Turkey,Türkiye,TR,2022-01-01,2022-03-15,
Findikli,Findikli,TR053005,,,,,,Rize,Rize,TR053,Turkey,Türkiye,TR,2022-01-01,2022-03-15,
Guneysu,Güneysu,TR053006,,,,,,Rize,Rize,TR053,Turkey,Türkiye,TR,2022-01-01,2022-03-15,
Hemsin,Hemşin,TR053007,,,,,,Rize,Rize,TR053,Turkey,Türkiye,TR,2022-01-01,2022-03-15,
Ikizdere,Ikizdere,TR053008,,,,,,Rize,Rize,TR053,Turkey,Türkiye,TR,2022-01-01,2022-03-15,
Iyidere,Iyidere,TR053009,,,,,,Rize,Rize,TR053,Turkey,Türkiye,TR,2022-01-01,2022-03-15,
Kalkandere,Kalkandere,TR053010,,,,,,Rize,Rize,TR053,Turkey,Türkiye,TR,2022-01-01,2022-03-15,
Pazar,Pazar,TR053011,,,,,,Rize,Rize,TR053,Turkey,Türkiye,TR,2022-01-01,2022-03-15,
Rize,Rize,TR053012,,,,,,Rize,Rize,TR053,Turkey,Türkiye,TR,2022-01-01,2022-03-15,
Adapazari,Adapazari,TR054001,,,,,,Sakarya,Sakarya,TR054,Turkey,Türkiye,TR,2022-01-01,2022-03-15,
Akyazi,Akyazi,TR054002,,,,,,Sakarya,Sakarya,TR054,Turkey,Türkiye,TR,2022-01-01,2022-03-15,
Arifiye,Arifiye,TR054003,,,,,,Sakarya,Sakarya,TR054,Turkey,Türkiye,TR,2022-01-01,2022-03-15,
Erenler,Erenler,TR054004,,,,,,Sakarya,Sakarya,TR054,Turkey,Türkiye,TR,2022-01-01,2022-03-15,
Ferizli,Ferizli,TR054005,,,,,,Sakarya,Sakarya,TR054,Turkey,Türkiye,TR,2022-01-01,2022-03-15,
Geyve,Geyve,TR054006,,,,,,Sakarya,Sakarya,TR054,Turkey,Türkiye,TR,2022-01-01,2022-03-15,
Hendek,Hendek,TR054007,,,,,,Sakarya,Sakarya,TR054,Turkey,Türkiye,TR,2022-01-01,2022-03-15,
Karapurcek,Karapürçek,TR054008,,,,,,Sakarya,Sakarya,TR054,Turkey,Türkiye,TR,2022-01-01,2022-03-15,
Karasu,Karasu,TR054009,,,,,,Sakarya,Sakarya,TR054,Turkey,Türkiye,TR,2022-01-01,2022-03-15,
Kaynarca,Kaynarca,TR054010,,,,,,Sakarya,Sakarya,TR054,Turkey,Türkiye,TR,2022-01-01,2022-03-15,
Kocaali,Kocaali,TR054011,,,,,,Sakarya,Sakarya,TR054,Turkey,Türkiye,TR,2022-01-01,2022-03-15,
Pamukova,Pamukova,TR054012,,,,,,Sakarya,Sakarya,TR054,Turkey,Türkiye,TR,2022-01-01,2022-03-15,
Sapanca,Sapanca,TR054013,,,,,,Sakarya,Sakarya,TR054,Turkey,Türkiye,TR,2022-01-01,2022-03-15,
Serdivan,Serdivan,TR054014,,,,,,Sakarya,Sakarya,TR054,Turkey,Türkiye,TR,2022-01-01,2022-03-15,
Sogutlu,Söğütlü,TR054015,,,,,,Sakarya,Sakarya,TR054,Turkey,Türkiye,TR,2022-01-01,2022-03-15,
Tarakli,Tarakli,TR054016,,,,,,Sakarya,Sakarya,TR054,Turkey,Türkiye,TR,2022-01-01,2022-03-15,
19 Mayis,19 Mayis,TR055001,,,,,,Samsun,Samsun,TR055,Turkey,Türkiye,TR,2022-01-01,2022-03-15,
Alacam,Alaçam,TR055002,,,,,,Samsun,Samsun,TR055,Turkey,Türkiye,TR,2022-01-01,2022-03-15,
Asarcik,Asarcik,TR055003,,,,,,Samsun,Samsun,TR055,Turkey,Türkiye,TR,2022-01-01,2022-03-15,
Atakum,Atakum,TR055004,,,,,,Samsun,Samsun,TR055,Turkey,Türkiye,TR,2022-01-01,2022-03-15,
Ayvacik,Ayvacik,TR055005,,,,,,Samsun,Samsun,TR055,Turkey,Türkiye,TR,2022-01-01,2022-03-15,
Bafra,Bafra,TR055006,,,,,,Samsun,Samsun,TR055,Turkey,Türkiye,TR,2022-01-01,2022-03-15,
Canik,Canik,TR055007,,,,,,Samsun,Samsun,TR055,Turkey,Türkiye,TR,2022-01-01,2022-03-15,
Carsamba,Çarşamba,TR055008,,,,,,Samsun,Samsun,TR055,Turkey,Türkiye,TR,2022-01-01,2022-03-15,
Havza,Havza,TR055009,,,,,,Samsun,Samsun,TR055,Turkey,Türkiye,TR,2022-01-01,2022-03-15,
Ilkadim,Ilkadim,TR055010,,,,,,Samsun,Samsun,TR055,Turkey,Türkiye,TR,2022-01-01,2022-03-15,
Kavak,Kavak,TR055011,,,,,,Samsun,Samsun,TR055,Turkey,Türkiye,TR,2022-01-01,2022-03-15,
Ladik,Ladik,TR055012,,,,,,Samsun,Samsun,TR055,Turkey,Türkiye,TR,2022-01-01,2022-03-15,
Salipazari,Salipazari,TR055013,,,,,,Samsun,Samsun,TR055,Turkey,Türkiye,TR,2022-01-01,2022-03-15,
Tekkekoy,Tekkeköy,TR055014,,,,,,Samsun,Samsun,TR055,Turkey,Türkiye,TR,2022-01-01,2022-03-15,
Terme,Terme,TR055015,,,,,,Samsun,Samsun,TR055,Turkey,Türkiye,TR,2022-01-01,2022-03-15,
Vezirkopru,Vezirköprü,TR055016,,,,,,Samsun,Samsun,TR055,Turkey,Türkiye,TR,2022-01-01,2022-03-15,
Yakakent,Yakakent,TR055017,,,,,,Samsun,Samsun,TR055,Turkey,Türkiye,TR,2022-01-01,2022-03-15,
Baykan,Baykan,TR056001,,,,,,Siirt,Siirt,TR056,Turkey,Türkiye,TR,2022-01-01,2022-03-15,
Eruh,Eruh,TR056002,,,,,,Siirt,Siirt,TR056,Turkey,Türkiye,TR,2022-01-01,2022-03-15,
Kurtalan,Kurtalan,TR056003,,,,,,Siirt,Siirt,TR056,Turkey,Türkiye,TR,2022-01-01,2022-03-15,
Pervari,Pervari,TR056004,,,,,,Siirt,Siirt,TR056,Turkey,Türkiye,TR,2022-01-01,2022-03-15,
Siirt,Siirt,TR056005,,,,,,Siirt,Siirt,TR056,Turkey,Türkiye,TR,2022-01-01,2022-03-15,
Sirvan,Şirvan,TR056006,,,,,,Siirt,Siirt,TR056,Turkey,Türkiye,TR,2022-01-01,2022-03-15,
Tillo,Tillo,TR056007,,,,,,Siirt,Siirt,TR056,Turkey,Türkiye,TR,2022-01-01,2022-03-15,
Ayancik,Ayancik,TR057001,,,,,,Sinop,Sinop,TR057,Turkey,Türkiye,TR,2022-01-01,2022-03-15,
Boyabat,Boyabat,TR057002,,,,,,Sinop,Sinop,TR057,Turkey,Türkiye,TR,2022-01-01,2022-03-15,
Dikmen,Dikmen,TR057003,,,,,,Sinop,Sinop,TR057,Turkey,Türkiye,TR,2022-01-01,2022-03-15,
Duragan,Durağan,TR057004,,,,,,Sinop,Sinop,TR057,Turkey,Türkiye,TR,2022-01-01,2022-03-15,
Erfelek,Erfelek,TR057005,,,,,,Sinop,Sinop,TR057,Turkey,Türkiye,TR,2022-01-01,2022-03-15,
Gerze,Gerze,TR057006,,,,,,Sinop,Sinop,TR057,Turkey,Türkiye,TR,2022-01-01,2022-03-15,
Sarayduzu,Saraydüzü,TR057007,,,,,,Sinop,Sinop,TR057,Turkey,Türkiye,TR,2022-01-01,2022-03-15,
Sinop,Sinop,TR057008,,,,,,Sinop,Sinop,TR057,Turkey,Türkiye,TR,2022-01-01,2022-03-15,
Turkeli,Türkeli,TR057009,,,,,,Sinop,Sinop,TR057,Turkey,Türkiye,TR,2022-01-01,2022-03-15,
Akincilar,Akincilar,TR058001,,,,,,Sivas,Sivas,TR058,Turkey,Türkiye,TR,2022-01-01,2022-03-15,
Altinyayla,Altinyayla,TR058002,,,,,,Sivas,Sivas,TR058,Turkey,Türkiye,TR,2022-01-01,2022-03-15,
Divrigi,Divriği,TR058003,,,,,,Sivas,Sivas,TR058,Turkey,Türkiye,TR,2022-01-01,2022-03-15,
Dogansar,Doğanşar,TR058004,,,,,,Sivas,Sivas,TR058,Turkey,Türkiye,TR,2022-01-01,2022-03-15,
Gemerek,Gemerek,TR058005,,,,,,Sivas,Sivas,TR058,Turkey,Türkiye,TR,2022-01-01,2022-03-15,
Golova,Gölova,TR058006,,,,,,Sivas,Sivas,TR058,Turkey,Türkiye,TR,2022-01-01,2022-03-15,
Gurun,Gürün,TR058007,,,,,,Sivas,Sivas,TR058,Turkey,Türkiye,TR,2022-01-01,2022-03-15,
Hafik,Hafik,TR058008,,,,,,Sivas,Sivas,TR058,Turkey,Türkiye,TR,2022-01-01,2022-03-15,
Imranli,Imranli,TR058009,,,,,,Sivas,Sivas,TR058,Turkey,Türkiye,TR,2022-01-01,2022-03-15,
Kangal,Kangal,TR058010,,,,,,Sivas,Sivas,TR058,Turkey,Türkiye,TR,2022-01-01,2022-03-15,
Koyulhisar,Koyulhisar,TR058011,,,,,,Sivas,Sivas,TR058,Turkey,Türkiye,TR,2022-01-01,2022-03-15,
Sivas,Sivas,TR058012,,,,,,Sivas,Sivas,TR058,Turkey,Türkiye,TR,2022-01-01,2022-03-15,
Susehri,Suşehri,TR058013,,,,,,Sivas,Sivas,TR058,Turkey,Türkiye,TR,2022-01-01,2022-03-15,
Sarkisla,Şarkişla,TR058014,,,,,,Sivas,Sivas,TR058,Turkey,Türkiye,TR,2022-01-01,2022-03-15,
Ulas,Ulaş,TR058015,,,,,,Sivas,Sivas,TR058,Turkey,Türkiye,TR,2022-01-01,2022-03-15,
Yildizeli,Yildizeli,TR058016,,,,,,Sivas,Sivas,TR058,Turkey,Türkiye,TR,2022-01-01,2022-03-15,
Zara,Zara,TR058017,,,,,,Sivas,Sivas,TR058,Turkey,Türkiye,TR,2022-01-01,2022-03-15,
Cerkezkoy,Çerkezköy,TR059001,,,,,,Tekirdag,Tekirdağ,TR059,Turkey,Türkiye,TR,2022-01-01,2022-03-15,
Corlu,Çorlu,TR059002,,,,,,Tekirdag,Tekirdağ,TR059,Turkey,Türkiye,TR,2022-01-01,2022-03-15,
Ergene,Ergene,TR059003,,,,,,Tekirdag,Tekirdağ,TR059,Turkey,Türkiye,TR,2022-01-01,2022-03-15,
Hayrabolu,Hayrabolu,TR059004,,,,,,Tekirdag,Tekirdağ,TR059,Turkey,Türkiye,TR,2022-01-01,2022-03-15,
Kapakli,Kapakli,TR059005,,,,,,Tekirdag,Tekirdağ,TR059,Turkey,Türkiye,TR,2022-01-01,2022-03-15,
Malkara,Malkara,TR059006,,,,,,Tekirdag,Tekirdağ,TR059,Turkey,Türkiye,TR,2022-01-01,2022-03-15,
Marmaraereglisi,Marmaraereğlisi,TR059007,,,,,,Tekirdag,Tekirdağ,TR059,Turkey,Türkiye,TR,2022-01-01,2022-03-15,
Muratli,Muratli,TR059008,,,,,,Tekirdag,Tekirdağ,TR059,Turkey,Türkiye,TR,2022-01-01,2022-03-15,
Saray,Saray,TR059009,,,,,,Tekirdag,Tekirdağ,TR059,Turkey,Türkiye,TR,2022-01-01,2022-03-15,
Suleymanpasa,Süleymanpaşa,TR059010,,,,,,Tekirdag,Tekirdağ,TR059,Turkey,Türkiye,TR,2022-01-01,2022-03-15,
Sarkoy,Şarköy,TR059011,,,,,,Tekirdag,Tekirdağ,TR059,Turkey,Türkiye,TR,2022-01-01,2022-03-15,
Almus,Almus,TR060001,,,,,,Tokat,Tokat,TR060,Turkey,Türkiye,TR,2022-01-01,2022-03-15,
Artova,Artova,TR060002,,,,,,Tokat,Tokat,TR060,Turkey,Türkiye,TR,2022-01-01,2022-03-15,
Basciftlik,Başçiftlik,TR060003,,,,,,Tokat,Tokat,TR060,Turkey,Türkiye,TR,2022-01-01,2022-03-15,
Erbaa,Erbaa,TR060004,,,,,,Tokat,Tokat,TR060,Turkey,Türkiye,TR,2022-01-01,2022-03-15,
Niksar,Niksar,TR060005,,,,,,Tokat,Tokat,TR060,Turkey,Türkiye,TR,2022-01-01,2022-03-15,
Pazar,Pazar,TR060006,,,,,,Tokat,Tokat,TR060,Turkey,Türkiye,TR,2022-01-01,2022-03-15,
Resadiye,Reşadiye,TR060007,,,,,,Tokat,Tokat,TR060,Turkey,Türkiye,TR,2022-01-01,2022-03-15,
Sulusaray,Sulusaray,TR060008,,,,,,Tokat,Tokat,TR060,Turkey,Türkiye,TR,2022-01-01,2022-03-15,
Tokat,Tokat,TR060009,,,,,,Tokat,Tokat,TR060,Turkey,Türkiye,TR,2022-01-01,2022-03-15,
Turhal,Turhal,TR060010,,,,,,Tokat,Tokat,TR060,Turkey,Türkiye,TR,2022-01-01,2022-03-15,
Yesilyurt,Yeşilyurt,TR060011,,,,,,Tokat,Tokat,TR060,Turkey,Türkiye,TR,2022-01-01,2022-03-15,
Zile,Zile,TR060012,,,,,,Tokat,Tokat,TR060,Turkey,Türkiye,TR,2022-01-01,2022-03-15,
Akcaabat,Akçaabat,TR061001,,,,,,Trabzon,Trabzon,TR061,Turkey,Türkiye,TR,2022-01-01,2022-03-15,
Arakli,Arakli,TR061002,,,,,,Trabzon,Trabzon,TR061,Turkey,Türkiye,TR,2022-01-01,2022-03-15,
Arsin,Arsin,TR061003,,,,,,Trabzon,Trabzon,TR061,Turkey,Türkiye,TR,2022-01-01,2022-03-15,
Besikduzu,Beşikdüzü,TR061004,,,,,,Trabzon,Trabzon,TR061,Turkey,Türkiye,TR,2022-01-01,2022-03-15,
Carsibasi,Çarşibaşi,TR061005,,,,,,Trabzon,Trabzon,TR061,Turkey,Türkiye,TR,2022-01-01,2022-03-15,
Caykara,Çaykara,TR061006,,,,,,Trabzon,Trabzon,TR061,Turkey,Türkiye,TR,2022-01-01,2022-03-15,
Dernekpazari,Dernekpazari,TR061007,,,,,,Trabzon,Trabzon,TR061,Turkey,Türkiye,TR,2022-01-01,2022-03-15,
Duzkoy,Düzköy,TR061008,,,,,,Trabzon,Trabzon,TR061,Turkey,Türkiye,TR,2022-01-01,2022-03-15,
Hayrat,Hayrat,TR061009,,,,,,Trabzon,Trabzon,TR061,Turkey,Türkiye,TR,2022-01-01,2022-03-15,
Koprubasi,Köprübaşi,TR061010,,,,,,Trabzon,Trabzon,TR061,Turkey,Türkiye,TR,2022-01-01,2022-03-15,
Macka,Maçka,TR061011,,,,,,Trabzon,Trabzon,TR061,Turkey,Türkiye,TR,2022-01-01,2022-03-15,
Of,Of,TR061012,,,,,,Trabzon,Trabzon,TR061,Turkey,Türkiye,TR,2022-01-01,2022-03-15,
Ortahisar,Ortahisar,TR061013,,,,,,Trabzon,Trabzon,TR061,Turkey,Türkiye,TR,2022-01-01,2022-03-15,
Surmene,Sürmene,TR061014,,,,,,Trabzon,Trabzon,TR061,Turkey,Türkiye,TR,2022-01-01,2022-03-15,
Salpazari,Şalpazari,TR061015,,,,,,Trabzon,Trabzon,TR061,Turkey,Türkiye,TR,2022-01-01,2022-03-15,
Tonya,Tonya,TR061016,,,,,,Trabzon,Trabzon,TR061,Turkey,Türkiye,TR,2022-01-01,2022-03-15,
Vakfikebir,Vakfikebir,TR061017,,,,,,Trabzon,Trabzon,TR061,Turkey,Türkiye,TR,2022-01-01,2022-03-15,
Yomra,Yomra,TR061018,,,,,,Trabzon,Trabzon,TR061,Turkey,Türkiye,TR,2022-01-01,2022-03-15,
Cemisgezek,Çemişgezek,TR062001,,,,,,Tunceli,Tunceli,TR062,Turkey,Türkiye,TR,2022-01-01,2022-03-15,
Hozat,Hozat,TR062002,,,,,,Tunceli,Tunceli,TR062,Turkey,Türkiye,TR,2022-01-01,2022-03-15,
Mazgirt,Mazgirt,TR062003,,,,,,Tunceli,Tunceli,TR062,Turkey,Türkiye,TR,2022-01-01,2022-03-15,
Nazimiye,Nazimiye,TR062004,,,,,,Tunceli,Tunceli,TR062,Turkey,Türkiye,TR,2022-01-01,2022-03-15,
Ovacik,Ovacik,TR062005,,,,,,Tunceli,Tunceli,TR062,Turkey,Türkiye,TR,2022-01-01,2022-03-15,
Pertek,Pertek,TR062006,,,,,,Tunceli,Tunceli,TR062,Turkey,Türkiye,TR,2022-01-01,2022-03-15,
Pulumur,Pülümür,TR062007,,,,,,Tunceli,Tunceli,TR062,Turkey,Türkiye,TR,2022-01-01,2022-03-15,
Tunceli,Tunceli,TR062008,,,,,,Tunceli,Tunceli,TR062,Turkey,Türkiye,TR,2022-01-01,2022-03-15,
Akcakale,Akçakale,TR063001,,,,,,Sanliurfa,Şanliurfa,TR063,Turkey,Türkiye,TR,2022-01-01,2022-03-15,
Birecik,Birecik,TR063002,,,,,,Sanliurfa,Şanliurfa,TR063,Turkey,Türkiye,TR,2022-01-01,2022-03-15,
Bozova,Bozova,TR063003,,,,,,Sanliurfa,Şanliurfa,TR063,Turkey,Türkiye,TR,2022-01-01,2022-03-15,
Ceylanpinar,Ceylanpinar,TR063004,,,,,,Sanliurfa,Şanliurfa,TR063,Turkey,Türkiye,TR,2022-01-01,2022-03-15,
Eyyubiye,Eyyübiye,TR063005,,,,,,Sanliurfa,Şanliurfa,TR063,Turkey,Türkiye,TR,2022-01-01,2022-03-15,
Halfeti,Halfeti,TR063006,,,,,,Sanliurfa,Şanliurfa,TR063,Turkey,Türkiye,TR,2022-01-01,2022-03-15,
Haliliye,Haliliye,TR063007,,,,,,Sanliurfa,Şanliurfa,TR063,Turkey,Türkiye,TR,2022-01-01,2022-03-15,
Harran,Harran,TR063008,,,,,,Sanliurfa,Şanliurfa,TR063,Turkey,Türkiye,TR,2022-01-01,2022-03-15,
Hilvan,Hilvan,TR063009,,,,,,Sanliurfa,Şanliurfa,TR063,Turkey,Türkiye,TR,2022-01-01,2022-03-15,
Karakopru,Karaköprü,TR063010,,,,,,Sanliurfa,Şanliurfa,TR063,Turkey,Türkiye,TR,2022-01-01,2022-03-15,
Siverek,Siverek,TR063011,,,,,,Sanliurfa,Şanliurfa,TR063,Turkey,Türkiye,TR,2022-01-01,2022-03-15,
Suruc,Suruç,TR063012,,,,,,Sanliurfa,Şanliurfa,TR063,Turkey,Türkiye,TR,2022-01-01,2022-03-15,
Viransehir,Viranşehir,TR063013,,,,,,Sanliurfa,Şanliurfa,TR063,Turkey,Türkiye,TR,2022-01-01,2022-03-15,
Banaz,Banaz,TR064001,,,,,,Usak,Uşak,TR064,Turkey,Türkiye,TR,2022-01-01,2022-03-15,
Esme,Eşme,TR064002,,,,,,Usak,Uşak,TR064,Turkey,Türkiye,TR,2022-01-01,2022-03-15,
Karahalli,Karahalli,TR064003,,,,,,Usak,Uşak,TR064,Turkey,Türkiye,TR,2022-01-01,2022-03-15,
Sivasli,Sivasli,TR064004,,,,,,Usak,Uşak,TR064,Turkey,Türkiye,TR,2022-01-01,2022-03-15,
Ulubey,Ulubey,TR064005,,,,,,Usak,Uşak,TR064,Turkey,Türkiye,TR,2022-01-01,2022-03-15,
Usak,Uşak,TR064006,,,,,,Usak,Uşak,TR064,Turkey,Türkiye,TR,2022-01-01,2022-03-15,
Bahcesaray,Bahçesaray,TR065001,,,,,,Van,Van,TR065,Turkey,Türkiye,TR,2022-01-01,2022-03-15,
Baskale,Başkale,TR065002,,,,,,Van,Van,TR065,Turkey,Türkiye,TR,2022-01-01,2022-03-15,
Caldiran,Çaldiran,TR065003,,,,,,Van,Van,TR065,Turkey,Türkiye,TR,2022-01-01,2022-03-15,
Catak,Çatak,TR065004,,,,,,Van,Van,TR065,Turkey,Türkiye,TR,2022-01-01,2022-03-15,
Edremit,Edremit,TR065005,,,,,,Van,Van,TR065,Turkey,Türkiye,TR,2022-01-01,2022-03-15,
Ercis,Erciş,TR065006,,,,,,Van,Van,TR065,Turkey,Türkiye,TR,2022-01-01,2022-03-15,
Gevas,Gevaş,TR065007,,,,,,Van,Van,TR065,Turkey,Türkiye,TR,2022-01-01,2022-03-15,
Gurpinar,Gürpinar,TR065008,,,,,,Van,Van,TR065,Turkey,Türkiye,TR,2022-01-01,2022-03-15,
Ipekyolu,Ipekyolu,TR065009,,,,,,Van,Van,TR065,Turkey,Türkiye,TR,2022-01-01,2022-03-15,
Muradiye,Muradiye,TR065010,,,,,,Van,Van,TR065,Turkey,Türkiye,TR,2022-01-01,2022-03-15,
Ozalp,Özalp,TR065011,,,,,,Van,Van,TR065,Turkey,Türkiye,TR,2022-01-01,2022-03-15,
Saray,Saray,TR065012,,,,,,Van,Van,TR065,Turkey,Türkiye,TR,2022-01-01,2022-03-15,
Tusba,Tuşba,TR065013,,,,,,Van,Van,TR065,Turkey,Türkiye,TR,2022-01-01,2022-03-15,
Akdagmadeni,Akdağmadeni,TR066001,,,,,,Yozgat,Yozgat,TR066,Turkey,Türkiye,TR,2022-01-01,2022-03-15,
Aydincik,Aydincik,TR066002,,,,,,Yozgat,Yozgat,TR066,Turkey,Türkiye,TR,2022-01-01,2022-03-15,
Bogazliyan,Boğazliyan,TR066003,,,,,,Yozgat,Yozgat,TR066,Turkey,Türkiye,TR,2022-01-01,2022-03-15,
Candir,Çandir,TR066004,,,,,,Yozgat,Yozgat,TR066,Turkey,Türkiye,TR,2022-01-01,2022-03-15,
Cayiralan,Çayiralan,TR066005,,,,,,Yozgat,Yozgat,TR066,Turkey,Türkiye,TR,2022-01-01,2022-03-15,
Cekerek,Çekerek,TR066006,,,,,,Yozgat,Yozgat,TR066,Turkey,Türkiye,TR,2022-01-01,2022-03-15,
Kadisehri,Kadişehri,TR066007,,,,,,Yozgat,Yozgat,TR066,Turkey,Türkiye,TR,2022-01-01,2022-03-15,
Saraykent,Saraykent,TR066008,,,,,,Yozgat,Yozgat,TR066,Turkey,Türkiye,TR,2022-01-01,2022-03-15,
Sarikaya,Sarikaya,TR066009,,,,,,Yozgat,Yozgat,TR066,Turkey,Türkiye,TR,2022-01-01,2022-03-15,
Sorgun,Sorgun,TR066010,,,,,,Yozgat,Yozgat,TR066,Turkey,Türkiye,TR,2022-01-01,2022-03-15,
Sefaatli,Şefaatli,TR066011,,,,,,Yozgat,Yozgat,TR066,Turkey,Türkiye,TR,2022-01-01,2022-03-15,
Yenifakili,Yenifakili,TR066012,,,,,,Yozgat,Yozgat,TR066,Turkey,Türkiye,TR,2022-01-01,2022-03-15,
Yerkoy,Yerköy,TR066013,,,,,,Yozgat,Yozgat,TR066,Turkey,Türkiye,TR,2022-01-01,2022-03-15,
Yozgat,Yozgat,TR066014,,,,,,Yozgat,Yozgat,TR066,Turkey,Türkiye,TR,2022-01-01,2022-03-15,
Alapli,Alapli,TR067001,,,,,,Zonguldak,Zonguldak,TR067,Turkey,Türkiye,TR,2022-01-01,2022-03-15,
Caycuma,Çaycuma,TR067002,,,,,,Zonguldak,Zonguldak,TR067,Turkey,Türkiye,TR,2022-01-01,2022-03-15,
Devrek,Devrek,TR067003,,,,,,Zonguldak,Zonguldak,TR067,Turkey,Türkiye,TR,2022-01-01,2022-03-15,
Eregli,Ereğli,TR067004,,,,,,Zonguldak,Zonguldak,TR067,Turkey,Türkiye,TR,2022-01-01,2022-03-15,
Gokcebey,Gökçebey,TR067005,,,,,,Zonguldak,Zonguldak,TR067,Turkey,Türkiye,TR,2022-01-01,2022-03-15,
Kilimli,Kilimli,TR067006,,,,,,Zonguldak,Zonguldak,TR067,Turkey,Türkiye,TR,2022-01-01,2022-03-15,
Kozlu,Kozlu,TR067007,,,,,,Zonguldak,Zonguldak,TR067,Turkey,Türkiye,TR,2022-01-01,2022-03-15,
Zonguldak,Zonguldak,TR067008,,,,,,Zonguldak,Zonguldak,TR067,Turkey,Türkiye,TR,2022-01-01,2022-03-15,
Agacoren,Ağaçören,TR068001,,,,,,Aksaray,Aksaray,TR068,Turkey,Türkiye,TR,2022-01-01,2022-03-15,
Aksaray,Aksaray,TR068002,,,,,,Aksaray,Aksaray,TR068,Turkey,Türkiye,TR,2022-01-01,2022-03-15,
Eskil,Eskil,TR068003,,,,,,Aksaray,Aksaray,TR068,Turkey,Türkiye,TR,2022-01-01,2022-03-15,
Gulagac,Gülağaç,TR068004,,,,,,Aksaray,Aksaray,TR068,Turkey,Türkiye,TR,2022-01-01,2022-03-15,
Guzelyurt,Güzelyurt,TR068005,,,,,,Aksaray,Aksaray,TR068,Turkey,Türkiye,TR,2022-01-01,2022-03-15,
Ortakoy,Ortaköy,TR068006,,,,,,Aksaray,Aksaray,TR068,Turkey,Türkiye,TR,2022-01-01,2022-03-15,
Sariyahsi,Sariyahşi,TR068007,,,,,,Aksaray,Aksaray,TR068,Turkey,Türkiye,TR,2022-01-01,2022-03-15,
Sultanhani,Sultanhani,TR068008,,,,,,Aksaray,Aksaray,TR068,Turkey,Türkiye,TR,2022-01-01,2022-03-15,
Aydintepe,Aydintepe,TR069001,,,,,,Bayburt,Bayburt,TR069,Turkey,Türkiye,TR,2022-01-01,2022-03-15,
Bayburt,Bayburt,TR069002,,,,,,Bayburt,Bayburt,TR069,Turkey,Türkiye,TR,2022-01-01,2022-03-15,
Demirozu,Demirözü,TR069003,,,,,,Bayburt,Bayburt,TR069,Turkey,Türkiye,TR,2022-01-01,2022-03-15,
Ayranci,Ayranci,TR070001,,,,,,Karaman,Karaman,TR070,Turkey,Türkiye,TR,2022-01-01,2022-03-15,
Basyayla,Başyayla,TR070002,,,,,,Karaman,Karaman,TR070,Turkey,Türkiye,TR,2022-01-01,2022-03-15,
Ermenek,Ermenek,TR070003,,,,,,Karaman,Karaman,TR070,Turkey,Türkiye,TR,2022-01-01,2022-03-15,
Karaman,Karaman,TR070004,,,,,,Karaman,Karaman,TR070,Turkey,Türkiye,TR,2022-01-01,2022-03-15,
Kazimkarabekir,Kazimkarabekir,TR070005,,,,,,Karaman,Karaman,TR070,Turkey,Türkiye,TR,2022-01-01,2022-03-15,
Sariveliler,Sariveliler,TR070006,,,,,,Karaman,Karaman,TR070,Turkey,Türkiye,TR,2022-01-01,2022-03-15,
Bahsili,Bahşili,TR071001,,,,,,Kirikkale,Kirikkale,TR071,Turkey,Türkiye,TR,2022-01-01,2022-03-15,
Baliseyh,Balişeyh,TR071002,,,,,,Kirikkale,Kirikkale,TR071,Turkey,Türkiye,TR,2022-01-01,2022-03-15,
Celebi,Çelebi,TR071003,,,,,,Kirikkale,Kirikkale,TR071,Turkey,Türkiye,TR,2022-01-01,2022-03-15,
Delice,Delice,TR071004,,,,,,Kirikkale,Kirikkale,TR071,Turkey,Türkiye,TR,2022-01-01,2022-03-15,
Karakecili,Karakeçili,TR071005,,,,,,Kirikkale,Kirikkale,TR071,Turkey,Türkiye,TR,2022-01-01,2022-03-15,
Keskin,Keskin,TR071006,,,,,,Kirikkale,Kirikkale,TR071,Turkey,Türkiye,TR,2022-01-01,2022-03-15,
Kirikkale,Kirikkale,TR071007,,,,,,Kirikkale,Kirikkale,TR071,Turkey,Türkiye,TR,2022-01-01,2022-03-15,
Sulakyurt,Sulakyurt,TR071008,,,,,,Kirikkale,Kirikkale,TR071,Turkey,Türkiye,TR,2022-01-01,2022-03-15,
Yahsihan,Yahşihan,TR071009,,,,,,Kirikkale,Kirikkale,TR071,Turkey,Türkiye,TR,2022-01-01,2022-03-15,
Batman,Batman,TR072001,,,,,,Batman,Batman,TR072,Turkey,Türkiye,TR,2022-01-01,2022-03-15,
Besiri,Beşiri,TR072002,,,,,,Batman,Batman,TR072,Turkey,Türkiye,TR,2022-01-01,2022-03-15,
Gercus,Gercüş,TR072003,,,,,,Batman,Batman,TR072,Turkey,Türkiye,TR,2022-01-01,2022-03-15,
Hasankeyf,Hasankeyf,TR072004,,,,,,Batman,Batman,TR072,Turkey,Türkiye,TR,2022-01-01,2022-03-15,
Kozluk,Kozluk,TR072005,,,,,,Batman,Batman,TR072,Turkey,Türkiye,TR,2022-01-01,2022-03-15,
Sason,Sason,TR072006,,,,,,Batman,Batman,TR072,Turkey,Türkiye,TR,2022-01-01,2022-03-15,
Beytussebap,Beytüşşebap,TR073001,,,,,,Sirnak,Şirnak,TR073,Turkey,Türkiye,TR,2022-01-01,2022-03-15,
Cizre,Cizre,TR073002,,,,,,Sirnak,Şirnak,TR073,Turkey,Türkiye,TR,2022-01-01,2022-03-15,
Guclukonak,Güçlükonak,TR073003,,,,,,Sirnak,Şirnak,TR073,Turkey,Türkiye,TR,2022-01-01,2022-03-15,
Idil,Idil,TR073004,,,,,,Sirnak,Şirnak,TR073,Turkey,Türkiye,TR,2022-01-01,2022-03-15,
Silopi,Silopi,TR073005,,,,,,Sirnak,Şirnak,TR073,Turkey,Türkiye,TR,2022-01-01,2022-03-15,
Sirnak,Şirnak,TR073006,,,,,,Sirnak,Şirnak,TR073,Turkey,Türkiye,TR,2022-01-01,2022-03-15,
Uludere,Uludere,TR073007,,,,,,Sirnak,Şirnak,TR073,Turkey,Türkiye,TR,2022-01-01,2022-03-15,
Amasra,Amasra,TR074001,,,,,,Bartin,Bartin,TR074,Turkey,Türkiye,TR,2022-01-01,2022-03-15,
Bartin,Bartin,TR074002,,,,,,Bartin,Bartin,TR074,Turkey,Türkiye,TR,2022-01-01,2022-03-15,
Kurucasile,Kurucaşile,TR074003,,,,,,Bartin,Bartin,TR074,Turkey,Türkiye,TR,2022-01-01,2022-03-15,
Ulus,Ulus,TR074004,,,,,,Bartin,Bartin,TR074,Turkey,Türkiye,TR,2022-01-01,2022-03-15,
Ardahan,Ardahan,TR075001,,,,,,Ardahan,Ardahan,TR075,Turkey,Türkiye,TR,2022-01-01,2022-03-15,
Cildir,Çildir,TR075002,,,,,,Ardahan,Ardahan,TR075,Turkey,Türkiye,TR,2022-01-01,2022-03-15,
Damal,Damal,TR075003,,,,,,Ardahan,Ardahan,TR075,Turkey,Türkiye,TR,2022-01-01,2022-03-15,
Gole,Göle,TR075004,,,,,,Ardahan,Ardahan,TR075,Turkey,Türkiye,TR,2022-01-01,2022-03-15,
Hanak,Hanak,TR075005,,,,,,Ardahan,Ardahan,TR075,Turkey,Türkiye,TR,2022-01-01,2022-03-15,
Posof,Posof,TR075006,,,,,,Ardahan,Ardahan,TR075,Turkey,Türkiye,TR,2022-01-01,2022-03-15,
Aralik,Aralik,TR076001,,,,,,Igdir,Iğdir,TR076,Turkey,Türkiye,TR,2022-01-01,2022-03-15,
Igdir,Iğdir,TR076002,,,,,,Igdir,Iğdir,TR076,Turkey,Türkiye,TR,2022-01-01,2022-03-15,
Karakoyunlu,Karakoyunlu,TR076003,,,,,,Igdir,Iğdir,TR076,Turkey,Türkiye,TR,2022-01-01,2022-03-15,
Tuzluca,Tuzluca,TR076004,,,,,,Igdir,Iğdir,TR076,Turkey,Türkiye,TR,2022-01-01,2022-03-15,
Altinova,Altinova,TR077001,,,,,,Yalova,Yalova,TR077,Turkey,Türkiye,TR,2022-01-01,2022-03-15,
Armutlu,Armutlu,TR077002,,,,,,Yalova,Yalova,TR077,Turkey,Türkiye,TR,2022-01-01,2022-03-15,
Ciftlikkoy,Çiftlikköy,TR077003,,,,,,Yalova,Yalova,TR077,Turkey,Türkiye,TR,2022-01-01,2022-03-15,
Cinarcik,Çinarcik,TR077004,,,,,,Yalova,Yalova,TR077,Turkey,Türkiye,TR,2022-01-01,2022-03-15,
Termal,Termal,TR077005,,,,,,Yalova,Yalova,TR077,Turkey,Türkiye,TR,2022-01-01,2022-03-15,
Yalova,Yalova,TR077006,,,,,,Yalova,Yalova,TR077,Turkey,Türkiye,TR,2022-01-01,2022-03-15,
Eflani,Eflani,TR078001,,,,,,Karabuk,Karabük,TR078,Turkey,Türkiye,TR,2022-01-01,2022-03-15,
Eskipazar,Eskipazar,TR078002,,,,,,Karabuk,Karabük,TR078,Turkey,Türkiye,TR,2022-01-01,2022-03-15,
Karabuk,Karabük,TR078003,,,,,,Karabuk,Karabük,TR078,Turkey,Türkiye,TR,2022-01-01,2022-03-15,
Ovacik,Ovacik,TR078004,,,,,,Karabuk,Karabük,TR078,Turkey,Türkiye,TR,2022-01-01,2022-03-15,
Safranbolu,Safranbolu,TR078005,,,,,,Karabuk,Karabük,TR078,Turkey,Türkiye,TR,2022-01-01,2022-03-15,
Yenice,Yenice,TR078006,,,,,,Karabuk,Karabük,TR078,Turkey,Türkiye,TR,2022-01-01,2022-03-15,
Elbeyli,Elbeyli,TR079001,,,,,,Kilis,Kilis,TR079,Turkey,Türkiye,TR,2022-01-01,2022-03-15,
Kilis,Kilis,TR079002,,,,,,Kilis,Kilis,TR079,Turkey,Türkiye,TR,2022-01-01,2022-03-15,
Musabeyli,Musabeyli,TR079003,,,,,,Kilis,Kilis,TR079,Turkey,Türkiye,TR,2022-01-01,2022-03-15,
Polateli,Polateli,TR079004,,,,,,Kilis,Kilis,TR079,Turkey,Türkiye,TR,2022-01-01,2022-03-15,
Bahce,Bahçe,TR080001,,,,,,Osmaniye,Osmaniye,TR080,Turkey,Türkiye,TR,2022-01-01,2022-03-15,
Duzici,Düziçi,TR080002,,,,,,Osmaniye,Osmaniye,TR080,Turkey,Türkiye,TR,2022-01-01,2022-03-15,
Hasanbeyli,Hasanbeyli,TR080003,,,,,,Osmaniye,Osmaniye,TR080,Turkey,Türkiye,TR,2022-01-01,2022-03-15,
Kadirli,Kadirli,TR080004,,,,,,Osmaniye,Osmaniye,TR080,Turkey,Türkiye,TR,2022-01-01,2022-03-15,
Osmaniye,Osmaniye,TR080005,,,,,,Osmaniye,Osmaniye,TR080,Turkey,Türkiye,TR,2022-01-01,2022-03-15,
Sumbas,Sumbas,TR080006,,,,,,Osmaniye,Osmaniye,TR080,Turkey,Türkiye,TR,2022-01-01,2022-03-15,
Toprakkale,Toprakkale,TR080007,,,,,,Osmaniye,Osmaniye,TR080,Turkey,Türkiye,TR,2022-01-01,2022-03-15,
Akcakoca,Akçakoca,TR081001,,,,,,Duzce,Düzce,TR081,Turkey,Türkiye,TR,2022-01-01,2022-03-15,
Cumayeri,Cumayeri,TR081002,,,,,,Duzce,Düzce,TR081,Turkey,Türkiye,TR,2022-01-01,2022-03-15,
Cilimli,Çilimli,TR081003,,,,,,Duzce,Düzce,TR081,Turkey,Türkiye,TR,2022-01-01,2022-03-15,
Duzce,Düzce,TR081004,,,,,,Duzce,Düzce,TR081,Turkey,Türkiye,TR,2022-01-01,2022-03-15,
Golyaka,Gölyaka,TR081005,,,,,,Duzce,Düzce,TR081,Turkey,Türkiye,TR,2022-01-01,2022-03-15,
Gumusova,Gümüşova,TR081006,,,,,,Duzce,Düzce,TR081,Turkey,Türkiye,TR,2022-01-01,2022-03-15,
Kaynasli,Kaynaşli,TR081007,,,,,,Duzce,Düzce,TR081,Turkey,Türkiye,TR,2022-01-01,2022-03-15,
Yigilca,Yiğilca,TR081008,,,,,,Duzce,Düzce,TR081,Turkey,Türkiye,TR,2022-01-01,2022-03-15,
