admin2Name_en,admin2Name_ar,admin2Pcode,admin2RefName,admin2AltName1_en,admin2AltName2_en,admin2AltName1_ar,admin2AltName2_ar,admin1Name_en,admin1Name_ar,admin1Pcode,admin0Name_en,admin0Name_ar,admin0Pcode,date,validOn,validTo
Zemam Out,خارج الزمام,EG0100,Zemam Out,,,,,Cairo,القاهرة,EG01,Egypt,مِصر,EG,2006-01-01,2017-04-21,
Al Tibbin,قسم  التبين,EG0101,Al Tibbin,,,,,Cairo,القاهرة,EG01,Egypt,مِصر,EG,2006-01-01,2017-04-21,
Hilwan,قسم حلوان,EG0102,Hilwan,,,,,Cairo,القاهرة,EG01,Egypt,مِصر,EG,2006-01-01,2017-04-21,
15 Mayu,قسم  15 مايو,EG0103,15 Mayu,,,,,Cairo,القاهرة,EG01,Egypt,مِصر,EG,2006-01-01,2017-04-21,
Maadi,قسم المعادي,EG0104,Maadi,,,,,Cairo,القاهرة,EG01,Egypt,مِصر,EG,2006-01-01,2017-04-21,
Tura,قسم  طره,EG0105,Tura,,,,,Cairo,القاهرة,EG01,Egypt,مِصر,EG,2006-01-01,2017-04-21,
Misr Al-Qadima,مصر القديمة,EG0106,Misr Al-Qadima,,,,,Cairo,القاهرة,EG01,Egypt,مِصر,EG,2006-01-01,2017-04-21,
Sayyida Zainab,قسم  السيدة زينب,EG0107,Sayyida Zainab,,,,,Cairo,القاهرة,EG01,Egypt,مِصر,EG,2006-01-01,2017-04-21,
Al Khalifa,قسم  الخليفة,EG0108,Al Khalifa,,,,,Cairo,القاهرة,EG01,Egypt,مِصر,EG,2006-01-01,2017-04-21,
Abdin,قسم عابدين,EG0109,Abdin,,,,,Cairo,القاهرة,EG01,Egypt,مِصر,EG,2006-01-01,2017-04-21,
Muski,قسم الموسكي,EG0110,Muski,,,,,Cairo,القاهرة,EG01,Egypt,مِصر,EG,2006-01-01,2017-04-21,
Qasr Al-Nile,قسم  قصر النيل,EG0111,Qasr Al-Nile,,,,,Cairo,القاهرة,EG01,Egypt,مِصر,EG,2006-01-01,2017-04-21,
Bulaq,قسم بولاق,EG0112,Bulaq,,,,,Cairo,القاهرة,EG01,Egypt,مِصر,EG,2006-01-01,2017-04-21,
Al Azbakiyya,قسم  الأزبكية,EG0113,Al Azbakiyya,,,,,Cairo,القاهرة,EG01,Egypt,مِصر,EG,2006-01-01,2017-04-21,
Al Darb al-Ahmar,قسم  الدرب الأحمر,EG0114,Al Darb al-Ahmar,,,,,Cairo,القاهرة,EG01,Egypt,مِصر,EG,2006-01-01,2017-04-21,
Gamaliyya,قسم  الجمالية,EG0115,Gamaliyya,,,,,Cairo,القاهرة,EG01,Egypt,مِصر,EG,2006-01-01,2017-04-21,
Bab Al-Shariyya,قسم  باب الشعرية,EG0116,Bab Al-Shariyya,,,,,Cairo,القاهرة,EG01,Egypt,مِصر,EG,2006-01-01,2017-04-21,
Al Zahir,قسم  الظاهر,EG0117,Al Zahir,,,,,Cairo,القاهرة,EG01,Egypt,مِصر,EG,2006-01-01,2017-04-21,
Al Sharabiyya,قسم  الشرابية,EG0118,Al Sharabiyya,,,,,Cairo,القاهرة,EG01,Egypt,مِصر,EG,2006-01-01,2017-04-21,
Shubra,قسم شبرا,EG0119,Shubra,,,,,Cairo,القاهرة,EG01,Egypt,مِصر,EG,2006-01-01,2017-04-21,
Rud Al-Farag,قسم روض الفرج,EG0120,Rud Al-Farag,,,,,Cairo,القاهرة,EG01,Egypt,مِصر,EG,2006-01-01,2017-04-21,
Al Sahil,قسم الساحل,EG0121,Al Sahil,,,,,Cairo,القاهرة,EG01,Egypt,مِصر,EG,2006-01-01,2017-04-21,
Al Wayli,قسم الوايلي,EG0122,Al Wayli,,,,,Cairo,القاهرة,EG01,Egypt,مِصر,EG,2006-01-01,2017-04-21,
Hadaiq Al-Qubba,قسم حدائق القبة,EG0123,Hadaiq Al-Qubba,,,,,Cairo,القاهرة,EG01,Egypt,مِصر,EG,2006-01-01,2017-04-21,
Al Zaytun,قسم الزيتون,EG0124,Al Zaytun,,,,,Cairo,القاهرة,EG01,Egypt,مِصر,EG,2006-01-01,2017-04-21,
Al Matariyya,قسم المطرية,EG0125,Al Matariyya,,,,,Cairo,القاهرة,EG01,Egypt,مِصر,EG,2006-01-01,2017-04-21,
Nasr City,قسم أول مدينة نصر,EG0126,Nasr City,,,,,Cairo,القاهرة,EG01,Egypt,مِصر,EG,2006-01-01,2017-04-21,
Madinat Nasr-2,قسم  ثان مدينة نصر,EG0127,Madinat Nasr-2,,,,,Cairo,القاهرة,EG01,Egypt,مِصر,EG,2006-01-01,2017-04-21,
Misr al-Gadida,قسم مصر الجديدة,EG0128,Misr al-Gadida,,,,,Cairo,القاهرة,EG01,Egypt,مِصر,EG,2006-01-01,2017-04-21,
Nuzha,قسم النزهة,EG0129,Nuzha,,,,,Cairo,القاهرة,EG01,Egypt,مِصر,EG,2006-01-01,2017-04-21,
Ain Shams,قسم عين شمس,EG0130,Ain Shams,,,,,Cairo,القاهرة,EG01,Egypt,مِصر,EG,2006-01-01,2017-04-21,
Zawiyya Al-Hamra,قسم الزاوية الحمراء,EG0131,Zawiyya Al-Hamra,,,,,Cairo,القاهرة,EG01,Egypt,مِصر,EG,2006-01-01,2017-04-21,
Al Salam,قسم السلام,EG0132,Al Salam,,,,,Cairo,القاهرة,EG01,Egypt,مِصر,EG,2006-01-01,2017-04-21,
Zamalik,قسم الزمالك,EG0133,Zamalik,,,,,Cairo,القاهرة,EG01,Egypt,مِصر,EG,2006-01-01,2017-04-21,
Minshat Nasir,منشأة ناصر,EG0134,Minshat Nasir,,,,,Cairo,القاهرة,EG01,Egypt,مِصر,EG,2006-01-01,2017-04-21,
Basatin,قسم  البساتين,EG0135,Basatin,,,,,Cairo,القاهرة,EG01,Egypt,مِصر,EG,2006-01-01,2017-04-21,
Marg,قسم المرج,EG0136,Marg,,,,,Cairo,القاهرة,EG01,Egypt,مِصر,EG,2006-01-01,2017-04-21,
New Cairo-1,قسم أول القاهرة الجديدة,EG0137,New Cairo-1,,,,,Cairo,القاهرة,EG01,Egypt,مِصر,EG,2006-01-01,2017-04-21,
New Cairo-2,قسم ثان القاهرة الجديدة,EG0138,New Cairo-2,,,,,Cairo,القاهرة,EG01,Egypt,مِصر,EG,2006-01-01,2017-04-21,
New Cairo-3,قسم ثالث القاهرة الجديدة,EG0139,New Cairo-3,,,,,Cairo,القاهرة,EG01,Egypt,مِصر,EG,2006-01-01,2017-04-21,
Shroq,قسم الشروق,EG0140,Shroq,,,,,Cairo,القاهرة,EG01,Egypt,مِصر,EG,2006-01-01,2017-04-21,
Badr,قسم بدر,EG0141,Badr,,,,,Cairo,القاهرة,EG01,Egypt,مِصر,EG,2006-01-01,2017-04-21,
Zemam Out,خارج الزمام,EG0200,Zemam Out,,,,,Alexandria,الاسكندرية,EG02,Egypt,مِصر,EG,2006-01-01,2017-04-21,
Muntazah,قسم  المنتزة,EG0201,Muntazah,,,,,Alexandria,الاسكندرية,EG02,Egypt,مِصر,EG,2006-01-01,2017-04-21,
Al Raml,قسم أول الرمل,EG0202,Al Raml,,,,,Alexandria,الاسكندرية,EG02,Egypt,مِصر,EG,2006-01-01,2017-04-21,
Sidi Gabir,قسم  سيدى جابر,EG0203,Sidi Gabir,,,,,Alexandria,الاسكندرية,EG02,Egypt,مِصر,EG,2006-01-01,2017-04-21,
Bab Sharqi,قسم  باب شرقى,EG0204,Bab Sharqi,,,,,Alexandria,الاسكندرية,EG02,Egypt,مِصر,EG,2006-01-01,2017-04-21,
Muharam Bik,قسم  محرم بك,EG0205,Muharam Bik,,,,,Alexandria,الاسكندرية,EG02,Egypt,مِصر,EG,2006-01-01,2017-04-21,
Al Attarin,قسم  العطارين,EG0206,Al Attarin,,,,,Alexandria,الاسكندرية,EG02,Egypt,مِصر,EG,2006-01-01,2017-04-21,
Al Manshiyya,قسم  المنشية,EG0207,Al Manshiyya,,,,,Alexandria,الاسكندرية,EG02,Egypt,مِصر,EG,2006-01-01,2017-04-21,
Karmuz,قسم  كرموز,EG0208,Karmuz,,,,,Alexandria,الاسكندرية,EG02,Egypt,مِصر,EG,2006-01-01,2017-04-21,
A L Labban,قسم  اللبان,EG0209,A L Labban,,,,,Alexandria,الاسكندرية,EG02,Egypt,مِصر,EG,2006-01-01,2017-04-21,
Al Gumruk,قسم  الجمرك,EG0210,Al Gumruk,,,,,Alexandria,الاسكندرية,EG02,Egypt,مِصر,EG,2006-01-01,2017-04-21,
Mina Al-Basal,قسم  مينا البصل,EG0211,Mina Al-Basal,,,,,Alexandria,الاسكندرية,EG02,Egypt,مِصر,EG,2006-01-01,2017-04-21,
Al Dikhila,قسم  الدخيلة,EG0212,Al Dikhila,,,,,Alexandria,الاسكندرية,EG02,Egypt,مِصر,EG,2006-01-01,2017-04-21,
Al Amreia,قسم  العامرية,EG0213,Al Amreia,,,,,Alexandria,الاسكندرية,EG02,Egypt,مِصر,EG,2006-01-01,2017-04-21,
Burg al-Arab,قسم  برج العرب,EG0214,Burg al-Arab,,,,,Alexandria,الاسكندرية,EG02,Egypt,مِصر,EG,2006-01-01,2017-04-21,
Port Alexandria Police Department,اداره شرطه ميناء الأسكندريه,EG0215,Port Alexandria Police Department,,,,,Alexandria,الاسكندرية,EG02,Egypt,مِصر,EG,2006-01-01,2017-04-21,
Burg Al-Arab City,مدينه برج العرب الجديده,EG0216,Burg Al-Arab City,,,,,Alexandria,الاسكندرية,EG02,Egypt,مِصر,EG,2006-01-01,2017-04-21,
Kesm than Al Raml,قسم ثان الرمل,EG0217,Kesm than Al Raml,,,,,Alexandria,الاسكندرية,EG02,Egypt,مِصر,EG,2006-01-01,2017-04-21,
North Coast,الساحل الشمالى,EG0218,North Coast,,,,,Alexandria,الاسكندرية,EG02,Egypt,مِصر,EG,2006-01-01,2017-04-21,
Al-Sharq,قسم الشرق,EG0301,Al-Sharq,,,,,Port Said,بورسعيد,EG03,Egypt,مِصر,EG,2006-01-01,2017-04-21,
Al-Arab,قسم العرب,EG0302,Al-Arab,,,,,Port Said,بورسعيد,EG03,Egypt,مِصر,EG,2006-01-01,2017-04-21,
Al-Munakh,قسم المناخ,EG0303,Al-Munakh,,,,,Port Said,بورسعيد,EG03,Egypt,مِصر,EG,2006-01-01,2017-04-21,
Port Fuad,قسم بور فؤاد,EG0304,Port Fuad,,,,,Port Said,بورسعيد,EG03,Egypt,مِصر,EG,2006-01-01,2017-04-21,
Al-Dawahy ,قسم الضواحى,EG0305,Al-Dawahy ,,,,,Port Said,بورسعيد,EG03,Egypt,مِصر,EG,2006-01-01,2017-04-21,
Al-Ganoub,قسم الجنوب,EG0306,Al-Ganoub,,,,,Port Said,بورسعيد,EG03,Egypt,مِصر,EG,2006-01-01,2017-04-21,
Al-Zohour,قسم الزهور,EG0307,Al-Zohour,,,,,Port Said,بورسعيد,EG03,Egypt,مِصر,EG,2006-01-01,2017-04-21,
Port Fuad 2,قسم ثان بور فؤاد,EG0308,Port Fuad 2,,,,,Port Said,بورسعيد,EG03,Egypt,مِصر,EG,2006-01-01,2017-04-21,
Mubark-Sharq Tafrea,قسم مبارك - شرق التفريعة,EG0309,Mubark-Sharq Tafrea,,,,,Port Said,بورسعيد,EG03,Egypt,مِصر,EG,2006-01-01,2017-04-21,
Al-Manasra,قسم المناصرة,EG0310,Al-Manasra,,,,,Port Said,بورسعيد,EG03,Egypt,مِصر,EG,2006-01-01,2017-04-21,
Al-Ganoub 2,قسم ثان الجنوب,EG0311,Al-Ganoub 2,,,,,Port Said,بورسعيد,EG03,Egypt,مِصر,EG,2006-01-01,2017-04-21,
Police Department Port Said Port,إدارة شرطة ميناء بورسعيد,EG0312,Police Department Port Said Port,,,,,Port Said,بورسعيد,EG03,Egypt,مِصر,EG,2006-01-01,2017-04-21,
Suez ,قسم السويس,EG0401,Suez ,,,,,Suez,السويس,EG04,Egypt,مِصر,EG,2006-01-01,2017-04-21,
Al-Arbiin,قسم الأربعين,EG0402,Al-Arbiin,,,,,Suez,السويس,EG04,Egypt,مِصر,EG,2006-01-01,2017-04-21,
Ataqa,قسم عتاقة,EG0403,Ataqa,,,,,Suez,السويس,EG04,Egypt,مِصر,EG,2006-01-01,2017-04-21,
Faysal,قسم فيصل,EG0404,Faysal,,,,,Suez,السويس,EG04,Egypt,مِصر,EG,2006-01-01,2017-04-21,
Al-Ganayin,قسم الجناين,EG0405,Al-Ganayin,,,,,Suez,السويس,EG04,Egypt,مِصر,EG,2006-01-01,2017-04-21,
Port Suez Police Department,إدارة شرطة ميناء السويس,EG0406,Port Suez Police Department,,,,,Suez,السويس,EG04,Egypt,مِصر,EG,2006-01-01,2017-04-21,
Dumyat 1,قسم أول دمياط,EG1101,Dumyat 1,,,,,Damietta,دمياط,EG11,Egypt,مِصر,EG,2006-01-01,2017-04-21,
Dumyat,مركز دمياط,EG1102,Dumyat,,,,,Damietta,دمياط,EG11,Egypt,مِصر,EG,2006-01-01,2017-04-21,
Fariskur,مركز فارسكور,EG1103,Fariskur,,,,,Damietta,دمياط,EG11,Egypt,مِصر,EG,2006-01-01,2017-04-21,
Kafr Sad,مركز كفر سعد,EG1104,Kafr Sad,,,,,Damietta,دمياط,EG11,Egypt,مِصر,EG,2006-01-01,2017-04-21,
Dumyat Al-Gadida,قسم مدينه دمياط الجديده,EG1105,Dumyat Al-Gadida,,,,,Damietta,دمياط,EG11,Egypt,مِصر,EG,2006-01-01,2017-04-21,
Ras al-Bar,قسم رأس البر,EG1106,Ras al-Bar,,,,,Damietta,دمياط,EG11,Egypt,مِصر,EG,2006-01-01,2017-04-21,
Zarqa,مركز الزرقا,EG1107,Zarqa,,,,,Damietta,دمياط,EG11,Egypt,مِصر,EG,2006-01-01,2017-04-21,
Police Department Port of Damietta,إداره شرطه ميناء دمياط الجديد,EG1108,Police Department Port of Damietta,,,,,Damietta,دمياط,EG11,Egypt,مِصر,EG,2006-01-01,2017-04-21,
Dumyat 2,قسم ثان دمياط,EG1109,Dumyat 2,,,,,Damietta,دمياط,EG11,Egypt,مِصر,EG,2006-01-01,2017-04-21,
El Mansora 1,قسم اول المنصورة,EG1201,El Mansora 1,,,,,Dakahlia,الدقهلية,EG12,Egypt,مِصر,EG,2006-01-01,2017-04-21,
E Mansora 2,قسم ثان المنصورة,EG1202,E Mansora 2,,,,,Dakahlia,الدقهلية,EG12,Egypt,مِصر,EG,2006-01-01,2017-04-21,
El Mansora,مركز المنصورة,EG1203,El Mansora,,,,,Dakahlia,الدقهلية,EG12,Egypt,مِصر,EG,2006-01-01,2017-04-21,
Aga,مركز أجا,EG1204,Aga,,,,,Dakahlia,الدقهلية,EG12,Egypt,مِصر,EG,2006-01-01,2017-04-21,
Sinbillawin,مركز السنبلاوين,EG1205,Sinbillawin,,,,,Dakahlia,الدقهلية,EG12,Egypt,مِصر,EG,2006-01-01,2017-04-21,
Matariyya,مركز المطرية,EG1206,Matariyya,,,,,Dakahlia,الدقهلية,EG12,Egypt,مِصر,EG,2006-01-01,2017-04-21,
Manzala,مركز المنزلة,EG1207,Manzala,,,,,Dakahlia,الدقهلية,EG12,Egypt,مِصر,EG,2006-01-01,2017-04-21,
Bilqas,مركز بلقاس,EG1208,Bilqas,,,,,Dakahlia,الدقهلية,EG12,Egypt,مِصر,EG,2006-01-01,2017-04-21,
Dikirnis,مركز دكرنس,EG1209,Dikirnis,,,,,Dakahlia,الدقهلية,EG12,Egypt,مِصر,EG,2006-01-01,2017-04-21,
Shirbin,مركز شربين,EG1210,Shirbin,,,,,Dakahlia,الدقهلية,EG12,Egypt,مِصر,EG,2006-01-01,2017-04-21,
Talkha,مركز طلخا,EG1211,Talkha,,,,,Dakahlia,الدقهلية,EG12,Egypt,مِصر,EG,2006-01-01,2017-04-21,
Mit Ghamr,قسم ميت غمر,EG1212,Mit Ghamr,,,,,Dakahlia,الدقهلية,EG12,Egypt,مِصر,EG,2006-01-01,2017-04-21,
Mit Ghamr,مركز ميت غمر,EG1213,Mit Ghamr,,,,,Dakahlia,الدقهلية,EG12,Egypt,مِصر,EG,2006-01-01,2017-04-21,
Minya Al-Nasr,مركز منية النصر,EG1214,Minya Al-Nasr,,,,,Dakahlia,الدقهلية,EG12,Egypt,مِصر,EG,2006-01-01,2017-04-21,
Gamaliyya,مركز الجمالية,EG1215,Gamaliyya,,,,,Dakahlia,الدقهلية,EG12,Egypt,مِصر,EG,2006-01-01,2017-04-21,
Tamy Al-Amdid,مركز تمى الأمديد,EG1216,Tamy Al-Amdid,,,,,Dakahlia,الدقهلية,EG12,Egypt,مِصر,EG,2006-01-01,2017-04-21,
MIt Salsil,مركز ميت سلسيل,EG1217,MIt Salsil,,,,,Dakahlia,الدقهلية,EG12,Egypt,مِصر,EG,2006-01-01,2017-04-21,
Bany Abeed,مركز بنى عبيد,EG1218,Bany Abeed,,,,,Dakahlia,الدقهلية,EG12,Egypt,مِصر,EG,2006-01-01,2017-04-21,
Mahalet Demna,مركز محلة دمنة,EG1219,Mahalet Demna,,,,,Dakahlia,الدقهلية,EG12,Egypt,مِصر,EG,2006-01-01,2017-04-21,
Gamsa,قسم جمصة,EG1220,Gamsa,,,,,Dakahlia,الدقهلية,EG12,Egypt,مِصر,EG,2006-01-01,2017-04-21,
Nebro,مركز نبروة,EG1221,Nebro,,,,,Dakahlia,الدقهلية,EG12,Egypt,مِصر,EG,2006-01-01,2017-04-21,
Zemam Out,خارج الزمام,EG1300,Zemam Out,,,,,Sharkia,الشرقية,EG13,Egypt,مِصر,EG,2006-01-01,2017-04-21,
Zaqaziq 1,قسم اول الزقازيق,EG1301,Zaqaziq 1,,,,,Sharkia,الشرقية,EG13,Egypt,مِصر,EG,2006-01-01,2017-04-21,
Zaqaziq 2,قسم ثان الزقازيق,EG1302,Zaqaziq 2,,,,,Sharkia,الشرقية,EG13,Egypt,مِصر,EG,2006-01-01,2017-04-21,
Zaqaziq,مركز الزقازيق,EG1303,Zaqaziq,,,,,Sharkia,الشرقية,EG13,Egypt,مِصر,EG,2006-01-01,2017-04-21,
Abu Hammad,مركز أبو حماد,EG1304,Abu Hammad,,,,,Sharkia,الشرقية,EG13,Egypt,مِصر,EG,2006-01-01,2017-04-21,
Abu Kabir,مركز أبوكبير,EG1305,Abu Kabir,,,,,Sharkia,الشرقية,EG13,Egypt,مِصر,EG,2006-01-01,2017-04-21,
Al-Husayniya,مركز الحسينية,EG1306,Al-Husayniya,,,,,Sharkia,الشرقية,EG13,Egypt,مِصر,EG,2006-01-01,2017-04-21,
Al-Salhiyya,قسم الصالحية الجديدة,EG1307,Al-Salhiyya,,,,,Sharkia,الشرقية,EG13,Egypt,مِصر,EG,2006-01-01,2017-04-21,
Bilbis,مركز بلبيس,EG1308,Bilbis,,,,,Sharkia,الشرقية,EG13,Egypt,مِصر,EG,2006-01-01,2017-04-21,
10 Ramadan 1,قسم اول مدينة العاشر من رمضان,EG1309,10 Ramadan 1,,,,,Sharkia,الشرقية,EG13,Egypt,مِصر,EG,2006-01-01,2017-04-21,
Dyarb Nigm,مركز ديرب نجم,EG1310,Dyarb Nigm,,,,,Sharkia,الشرقية,EG13,Egypt,مِصر,EG,2006-01-01,2017-04-21,
Faqus,قسم فاقوس,EG1311,Faqus,,,,,Sharkia,الشرقية,EG13,Egypt,مِصر,EG,2006-01-01,2017-04-21,
Faqus,مركز فاقوس,EG1312,Faqus,,,,,Sharkia,الشرقية,EG13,Egypt,مِصر,EG,2006-01-01,2017-04-21,
Kafr Saqr,مركز كفر صقر,EG1313,Kafr Saqr,,,,,Sharkia,الشرقية,EG13,Egypt,مِصر,EG,2006-01-01,2017-04-21,
Minya al-Qamh,مركز منيا القمح,EG1314,Minya al-Qamh,,,,,Sharkia,الشرقية,EG13,Egypt,مِصر,EG,2006-01-01,2017-04-21,
Hihya,مركز ههيا,EG1315,Hihya,,,,,Sharkia,الشرقية,EG13,Egypt,مِصر,EG,2006-01-01,2017-04-21,
Mashtul Al-Suq,مركز مشتول السوق,EG1316,Mashtul Al-Suq,,,,,Sharkia,الشرقية,EG13,Egypt,مِصر,EG,2006-01-01,2017-04-21,
El-Ibrahimiya,مركز الأبراهيمية,EG1317,El-Ibrahimiya,,,,,Sharkia,الشرقية,EG13,Egypt,مِصر,EG,2006-01-01,2017-04-21,
Al-Qanayat,قسم القنايات,EG1318,Al-Qanayat,,,,,Sharkia,الشرقية,EG13,Egypt,مِصر,EG,2006-01-01,2017-04-21,
Awlad Saqr,مركز أولاد صقر,EG1319,Awlad Saqr,,,,,Sharkia,الشرقية,EG13,Egypt,مِصر,EG,2006-01-01,2017-04-21,
Qurin,قسم القرين,EG1320,Qurin,,,,,Sharkia,الشرقية,EG13,Egypt,مِصر,EG,2006-01-01,2017-04-21,
10 Ramadan 2,قسم ثان مدينه العاشر من رمضان,EG1321,10 Ramadan 2,,,,,Sharkia,الشرقية,EG13,Egypt,مِصر,EG,2006-01-01,2017-04-21,
Zemam Out,خارج الزمام,EG1400,Zemam Out,,,,,Kalyoubia,القليوبية,EG14,Egypt,مِصر,EG,2006-01-01,2017-04-21,
Banha,قسم بنها,EG1401,Banha,,,,,Kalyoubia,القليوبية,EG14,Egypt,مِصر,EG,2006-01-01,2017-04-21,
Banha,مركز بنها,EG1402,Banha,,,,,Kalyoubia,القليوبية,EG14,Egypt,مِصر,EG,2006-01-01,2017-04-21,
Al Khanka,مركز الخانكة,EG1403,Al Khanka,,,,,Kalyoubia,القليوبية,EG14,Egypt,مِصر,EG,2006-01-01,2017-04-21,
Qanatir Al-Khayriyya,مركز القناطر الخيرية,EG1404,Qanatir Al-Khayriyya,,,,,Kalyoubia,القليوبية,EG14,Egypt,مِصر,EG,2006-01-01,2017-04-21,
Shibin al-Qanatir,مركز شبين القناطر,EG1405,Shibin al-Qanatir,,,,,Kalyoubia,القليوبية,EG14,Egypt,مِصر,EG,2006-01-01,2017-04-21,
Shubra Al-Khayma 1,قسم أول شبرا الخيمة,EG1406,Shubra Al-Khayma 1,,,,,Kalyoubia,القليوبية,EG14,Egypt,مِصر,EG,2006-01-01,2017-04-21,
Shubra Al-Khayma 2,قسم ثان شبرا الخيمة,EG1407,Shubra Al-Khayma 2,,,,,Kalyoubia,القليوبية,EG14,Egypt,مِصر,EG,2006-01-01,2017-04-21,
Tukh,مركز طوخ,EG1408,Tukh,,,,,Kalyoubia,القليوبية,EG14,Egypt,مِصر,EG,2006-01-01,2017-04-21,
Qalyub,قسم قليوب,EG1409,Qalyub,,,,,Kalyoubia,القليوبية,EG14,Egypt,مِصر,EG,2006-01-01,2017-04-21,
Qalyub,مركز قليوب,EG1410,Qalyub,,,,,Kalyoubia,القليوبية,EG14,Egypt,مِصر,EG,2006-01-01,2017-04-21,
Kafr Shukr,مركز كفر شكر,EG1411,Kafr Shukr,,,,,Kalyoubia,القليوبية,EG14,Egypt,مِصر,EG,2006-01-01,2017-04-21,
Khsos,قسم الخصوص,EG1412,Khsos,,,,,Kalyoubia,القليوبية,EG14,Egypt,مِصر,EG,2006-01-01,2017-04-21,
Abour,قسم العبور,EG1413,Abour,,,,,Kalyoubia,القليوبية,EG14,Egypt,مِصر,EG,2006-01-01,2017-04-21,
Qaha,قسم قها,EG1414,Qaha,,,,,Kalyoubia,القليوبية,EG14,Egypt,مِصر,EG,2006-01-01,2017-04-21,
Kafr Al-Shaykh,قسم كفر الشيخ,EG1501,Kafr Al-Shaykh,,,,,Kafr El-Shikh,كفر الشيخ,EG15,Egypt,مِصر,EG,2006-01-01,2017-04-21,
Kafr Al-Shaykh,مركز كفر الشيخ,EG1502,Kafr Al-Shaykh,,,,,Kafr El-Shikh,كفر الشيخ,EG15,Egypt,مِصر,EG,2006-01-01,2017-04-21,
Burullus,مركز البرلس,EG1503,Burullus,,,,,Kafr El-Shikh,كفر الشيخ,EG15,Egypt,مِصر,EG,2006-01-01,2017-04-21,
Biyalu,مركز بيلا,EG1504,Biyalu,,,,,Kafr El-Shikh,كفر الشيخ,EG15,Egypt,مِصر,EG,2006-01-01,2017-04-21,
Disuq,قسم دسوق,EG1505,Disuq,,,,,Kafr El-Shikh,كفر الشيخ,EG15,Egypt,مِصر,EG,2006-01-01,2017-04-21,
Disuq,مركز دسوق,EG1506,Disuq,,,,,Kafr El-Shikh,كفر الشيخ,EG15,Egypt,مِصر,EG,2006-01-01,2017-04-21,
Sidi Salim,مركز سيدى سالم,EG1507,Sidi Salim,,,,,Kafr El-Shikh,كفر الشيخ,EG15,Egypt,مِصر,EG,2006-01-01,2017-04-21,
Fuwwa,مركز فوه,EG1508,Fuwwa,,,,,Kafr El-Shikh,كفر الشيخ,EG15,Egypt,مِصر,EG,2006-01-01,2017-04-21,
Qillin,مركز قلين,EG1509,Qillin,,,,,Kafr El-Shikh,كفر الشيخ,EG15,Egypt,مِصر,EG,2006-01-01,2017-04-21,
Mitubas,مركز مطوبس,EG1510,Mitubas,,,,,Kafr El-Shikh,كفر الشيخ,EG15,Egypt,مِصر,EG,2006-01-01,2017-04-21,
Al Hamul,مركز الحامول,EG1511,Al Hamul,,,,,Kafr El-Shikh,كفر الشيخ,EG15,Egypt,مِصر,EG,2006-01-01,2017-04-21,
Riyad,مركز الرياض,EG1512,Riyad,,,,,Kafr El-Shikh,كفر الشيخ,EG15,Egypt,مِصر,EG,2006-01-01,2017-04-21,
Tanta 1,قسم أول طنطا,EG1601,Tanta 1,,,,,Gharbia,الغربية,EG16,Egypt,مِصر,EG,2006-01-01,2017-04-21,
Tanta 2,قسم ثان طنطا,EG1602,Tanta 2,,,,,Gharbia,الغربية,EG16,Egypt,مِصر,EG,2006-01-01,2017-04-21,
Tanta,مركز طنطا,EG1603,Tanta,,,,,Gharbia,الغربية,EG16,Egypt,مِصر,EG,2006-01-01,2017-04-21,
Santa,مركز السنطة,EG1604,Santa,,,,,Gharbia,الغربية,EG16,Egypt,مِصر,EG,2006-01-01,2017-04-21,
El Mahalla El Kobra 1,قسم أول المحلة الكبرى,EG1605,El Mahalla El Kobra 1,,,,,Gharbia,الغربية,EG16,Egypt,مِصر,EG,2006-01-01,2017-04-21,
El Mahalla El Kobra 2,قسم ثان المحلة الكبرى,EG1606,El Mahalla El Kobra 2,,,,,Gharbia,الغربية,EG16,Egypt,مِصر,EG,2006-01-01,2017-04-21,
El Mahalla El Kobra,مركز المحله الكبرى,EG1607,El Mahalla El Kobra,,,,,Gharbia,الغربية,EG16,Egypt,مِصر,EG,2006-01-01,2017-04-21,
Basyun,مركز بسيون,EG1608,Basyun,,,,,Gharbia,الغربية,EG16,Egypt,مِصر,EG,2006-01-01,2017-04-21,
Zifta,مركز زفتى,EG1609,Zifta,,,,,Gharbia,الغربية,EG16,Egypt,مِصر,EG,2006-01-01,2017-04-21,
Samannud,مركز سمنود,EG1610,Samannud,,,,,Gharbia,الغربية,EG16,Egypt,مِصر,EG,2006-01-01,2017-04-21,
Qutur,مركز قطور,EG1611,Qutur,,,,,Gharbia,الغربية,EG16,Egypt,مِصر,EG,2006-01-01,2017-04-21,
Kafr Al-Zayyat,مركز كفر الزيات,EG1612,Kafr Al-Zayyat,,,,,Gharbia,الغربية,EG16,Egypt,مِصر,EG,2006-01-01,2017-04-21,
Shibin al-Kum,قسم شبين الكوم,EG1701,Shibin al-Kum,,,,,Menoufia,المنوفية,EG17,Egypt,مِصر,EG,2006-01-01,2017-04-21,
Shibin al-Kum,مركز شبين الكوم,EG1702,Shibin al-Kum,,,,,Menoufia,المنوفية,EG17,Egypt,مِصر,EG,2006-01-01,2017-04-21,
Ashmun,مركز أشمون,EG1703,Ashmun,,,,,Menoufia,المنوفية,EG17,Egypt,مِصر,EG,2006-01-01,2017-04-21,
Al-Bagur,مركز الباجور,EG1704,Al-Bagur,,,,,Menoufia,المنوفية,EG17,Egypt,مِصر,EG,2006-01-01,2017-04-21,
Al-Shuhada,مركز الشهداء,EG1705,Al-Shuhada,,,,,Menoufia,المنوفية,EG17,Egypt,مِصر,EG,2006-01-01,2017-04-21,
Birkat Al-Sab,مركز بركة السبع,EG1706,Birkat Al-Sab,,,,,Menoufia,المنوفية,EG17,Egypt,مِصر,EG,2006-01-01,2017-04-21,
Tala,مركز تلا,EG1707,Tala,,,,,Menoufia,المنوفية,EG17,Egypt,مِصر,EG,2006-01-01,2017-04-21,
Quwisna,مركز قويسنا,EG1708,Quwisna,,,,,Menoufia,المنوفية,EG17,Egypt,مِصر,EG,2006-01-01,2017-04-21,
Minuf,مركز منوف,EG1709,Minuf,,,,,Menoufia,المنوفية,EG17,Egypt,مِصر,EG,2006-01-01,2017-04-21,
Sirs Al-Layyana City,قسم مدينة سرس الليانة,EG1710,Sirs Al-Layyana City,,,,,Menoufia,المنوفية,EG17,Egypt,مِصر,EG,2006-01-01,2017-04-21,
Sadat City,مركز السادات,EG1711,Sadat City,,,,,Menoufia,المنوفية,EG17,Egypt,مِصر,EG,2006-01-01,2017-04-21,
Minuf City,قسم مدينة منوف,EG1712,Minuf City,,,,,Menoufia,المنوفية,EG17,Egypt,مِصر,EG,2006-01-01,2017-04-21,
Zemam Out,خارج الزمام,EG1800,Zemam Out,,,,,Behera,البحيرة,EG18,Egypt,مِصر,EG,2006-01-01,2017-04-21,
Damanhur,قسم دمنهور,EG1801,Damanhur,,,,,Behera,البحيرة,EG18,Egypt,مِصر,EG,2006-01-01,2017-04-21,
Damanhur,مركز دمنهور,EG1802,Damanhur,,,,,Behera,البحيرة,EG18,Egypt,مِصر,EG,2006-01-01,2017-04-21,
Abu-l-Matamir,مركز ابوالمطامير,EG1803,Abu-l-Matamir,,,,,Behera,البحيرة,EG18,Egypt,مِصر,EG,2006-01-01,2017-04-21,
Abu Hummus,مركز ابوحمص,EG1804,Abu Hummus,,,,,Behera,البحيرة,EG18,Egypt,مِصر,EG,2006-01-01,2017-04-21,
Al-Dilingat,مركز الدلنجات,EG1805,Al-Dilingat,,,,,Behera,البحيرة,EG18,Egypt,مِصر,EG,2006-01-01,2017-04-21,
Al-Mahmudiyya,مركز المحمودية,EG1806,Al-Mahmudiyya,,,,,Behera,البحيرة,EG18,Egypt,مِصر,EG,2006-01-01,2017-04-21,
Itay Al-Barud,مركز إيتاى البارود,EG1807,Itay Al-Barud,,,,,Behera,البحيرة,EG18,Egypt,مِصر,EG,2006-01-01,2017-04-21,
Hush Isa,مركز حوش عيسى,EG1808,Hush Isa,,,,,Behera,البحيرة,EG18,Egypt,مِصر,EG,2006-01-01,2017-04-21,
Rashid,مركز رشيد,EG1809,Rashid,,,,,Behera,البحيرة,EG18,Egypt,مِصر,EG,2006-01-01,2017-04-21,
Shubra Khît,مركز شبراخيت,EG1810,Shubra Khit,,,,,Behera,البحيرة,EG18,Egypt,مِصر,EG,2006-01-01,2017-04-21,
Kafr Al-Dawwar,قسم كفرالدوار,EG1811,Kafr Al-Dawwar,,,,,Behera,البحيرة,EG18,Egypt,مِصر,EG,2006-01-01,2017-04-21,
Kafr Al-Dawwar,مركز كفر الدوار,EG1812,Kafr Al-Dawwar,,,,,Behera,البحيرة,EG18,Egypt,مِصر,EG,2006-01-01,2017-04-21,
Kum Hamada,مركز كوم حمادة,EG1813,Kum Hamada,,,,,Behera,البحيرة,EG18,Egypt,مِصر,EG,2006-01-01,2017-04-21,
Wadi Al-NatrUn,مركز وادى النطرون,EG1814,Wadi Al-NatrUn,,,,,Behera,البحيرة,EG18,Egypt,مِصر,EG,2006-01-01,2017-04-21,
Al-Rahmaniyya,مركز الرحمانية,EG1815,Al-Rahmaniyya,,,,,Behera,البحيرة,EG18,Egypt,مِصر,EG,2006-01-01,2017-04-21,
Idku,مركز إدكو,EG1816,Idku,,,,,Behera,البحيرة,EG18,Egypt,مِصر,EG,2006-01-01,2017-04-21,
Nubariyya West,قسم غرب النوبارية,EG1817,Nubariyya West,,,,,Behera,البحيرة,EG18,Egypt,مِصر,EG,2006-01-01,2017-04-21,
Badr,مركز بدر,EG1818,Badr,,,,,Behera,البحيرة,EG18,Egypt,مِصر,EG,2006-01-01,2017-04-21,
Ismailiyya 1,قسم أول الاسماعيلية,EG1901,Ismailiyya 1,,,,,Ismailia,الإسماعيلية,EG19,Egypt,مِصر,EG,2006-01-01,2017-04-21,
Ismailiyya 2,قسم ثان الاسماعيلية,EG1902,Ismailiyya 2,,,,,Ismailia,الإسماعيلية,EG19,Egypt,مِصر,EG,2006-01-01,2017-04-21,
Ismailiyya 3,قسم ثالث الاسماعيلية,EG1903,Ismailiyya 3,,,,,Ismailia,الإسماعيلية,EG19,Egypt,مِصر,EG,2006-01-01,2017-04-21,
Ismailiyya,مركز الاسماعيلية,EG1904,Ismailiyya,,,,,Ismailia,الإسماعيلية,EG19,Egypt,مِصر,EG,2006-01-01,2017-04-21,
"Tal al-Kabir, al-",مركز التل الكبير,EG1905,"Tal al-Kabir, al-",,,,,Ismailia,الإسماعيلية,EG19,Egypt,مِصر,EG,2006-01-01,2017-04-21,
"Qantara Gharb, al-",مركز القنطرة,EG1906,"Qantara Gharb, al-",,,,,Ismailia,الإسماعيلية,EG19,Egypt,مِصر,EG,2006-01-01,2017-04-21,
Fayid,مركز فايد,EG1907,Fayid,,,,,Ismailia,الإسماعيلية,EG19,Egypt,مِصر,EG,2006-01-01,2017-04-21,
"Qantara Sharq, al-",قسم القنطرة شرق,EG1908,"Qantara Sharq, al-",,,,,Ismailia,الإسماعيلية,EG19,Egypt,مِصر,EG,2006-01-01,2017-04-21,
Zemam Out,خارج الزمام,EG2100,Zemam Out,,,,,Giza,الجيزة,EG21,Egypt,مِصر,EG,2006-01-01,2017-04-21,
Imbaba,قسم امبابه,EG2101,Imbaba,,,,,Giza,الجيزة,EG21,Egypt,مِصر,EG,2006-01-01,2017-04-21,
Al-Aguza,قسم العجوزة,EG2102,Al-Aguza,,,,,Giza,الجيزة,EG21,Egypt,مِصر,EG,2006-01-01,2017-04-21,
DuqqI,قسم الدقي,EG2103,DuqqI,,,,,Giza,الجيزة,EG21,Egypt,مِصر,EG,2006-01-01,2017-04-21,
Giza,قسم الجيزة,EG2104,Giza,,,,,Giza,الجيزة,EG21,Egypt,مِصر,EG,2006-01-01,2017-04-21,
Bulaq Al-DakrUr,قسم بولاق الدكرور,EG2105,Bulaq Al-DakrUr,,,,,Giza,الجيزة,EG21,Egypt,مِصر,EG,2006-01-01,2017-04-21,
Al-Ahram,قسم الأهرام,EG2106,Al-Ahram,,,,,Giza,الجيزة,EG21,Egypt,مِصر,EG,2006-01-01,2017-04-21,
6 October-1,قسم أول 6 أكتوبر,EG2107,6 October-1,,,,,Giza,الجيزة,EG21,Egypt,مِصر,EG,2006-01-01,2017-04-21,
Hwamdeia,قسم الحوامدية,EG2108,Hwamdeia,,,,,Giza,الجيزة,EG21,Egypt,مِصر,EG,2006-01-01,2017-04-21,
Giza,مركز الجيزة,EG2109,Giza,,,,,Giza,الجيزة,EG21,Egypt,مِصر,EG,2006-01-01,2017-04-21,
Badrashain,مركز البدرشين,EG2110,Badrashain,,,,,Giza,الجيزة,EG21,Egypt,مِصر,EG,2006-01-01,2017-04-21,
Saf,مركز الصف,EG2111,Saf,,,,,Giza,الجيزة,EG21,Egypt,مِصر,EG,2006-01-01,2017-04-21,
Ayat,مركز العياط,EG2112,Ayat,,,,,Giza,الجيزة,EG21,Egypt,مِصر,EG,2006-01-01,2017-04-21,
Imbaba,مركز إمبابة,EG2113,Imbaba,,,,,Giza,الجيزة,EG21,Egypt,مِصر,EG,2006-01-01,2017-04-21,
Bahariya Oasis,قسم الواحات البحرية,EG2114,Bahariya Oasis,,,,,Giza,الجيزة,EG21,Egypt,مِصر,EG,2006-01-01,2017-04-21,
Atfeh,مركز أطفيح,EG2115,Atfeh,,,,,Giza,الجيزة,EG21,Egypt,مِصر,EG,2006-01-01,2017-04-21,
Auseem,مركز أوسيم,EG2116,Auseem,,,,,Giza,الجيزة,EG21,Egypt,مِصر,EG,2006-01-01,2017-04-21,
Waraq,قسم الوراق,EG2117,Waraq,,,,,Giza,الجيزة,EG21,Egypt,مِصر,EG,2006-01-01,2017-04-21,
Umraniyya,قسم العمرانية,EG2118,Umraniyya,,,,,Giza,الجيزة,EG21,Egypt,مِصر,EG,2006-01-01,2017-04-21,
Shaykh Zayed,قسم الشيخ زايد,EG2119,Shaykh Zayed,,,,,Giza,الجيزة,EG21,Egypt,مِصر,EG,2006-01-01,2017-04-21,
Kardasa,مركز كرداسة,EG2120,Kardasa,,,,,Giza,الجيزة,EG21,Egypt,مِصر,EG,2006-01-01,2017-04-21,
6 October-2,قسم ثان 6 أكتوبر,EG2121,6 October-2,,,,,Giza,الجيزة,EG21,Egypt,مِصر,EG,2006-01-01,2017-04-21,
Zemam Out,خارج الزمام,EG2200,Zemam Out,,,,,Beni Suef,بنى سويف,EG22,Egypt,مِصر,EG,2006-01-01,2017-04-21,
Bani Swayf,قسم بنى سويف,EG2201,Bani Swayf,,,,,Beni Suef,بنى سويف,EG22,Egypt,مِصر,EG,2006-01-01,2017-04-21,
Bani Swayf,مركز بنى سويف,EG2202,Bani Swayf,,,,,Beni Suef,بنى سويف,EG22,Egypt,مِصر,EG,2006-01-01,2017-04-21,
Bani Swayf City,قسم مدينة بنى سويف الجديدة,EG2203,Bani Swayf City,,,,,Beni Suef,بنى سويف,EG22,Egypt,مِصر,EG,2006-01-01,2017-04-21,
Al Fashn,مركز الفشن,EG2204,Al Fashn,,,,,Beni Suef,بنى سويف,EG22,Egypt,مِصر,EG,2006-01-01,2017-04-21,
Al Wasta,مركز الواسطى,EG2205,Al Wasta,,,,,Beni Suef,بنى سويف,EG22,Egypt,مِصر,EG,2006-01-01,2017-04-21,
Ahnasya,مركز أهناسيا,EG2206,Ahnasya,,,,,Beni Suef,بنى سويف,EG22,Egypt,مِصر,EG,2006-01-01,2017-04-21,
Biba,مركز ببا,EG2207,Biba,,,,,Beni Suef,بنى سويف,EG22,Egypt,مِصر,EG,2006-01-01,2017-04-21,
Sumusta,مركز سمسطا,EG2208,Sumusta,,,,,Beni Suef,بنى سويف,EG22,Egypt,مِصر,EG,2006-01-01,2017-04-21,
Nasir,مركز ناصر,EG2209,Nasir,,,,,Beni Suef,بنى سويف,EG22,Egypt,مِصر,EG,2006-01-01,2017-04-21,
Zemam Out,خارج الزمام,EG2300,Zemam Out,,,,,Fayoum,الفيوم,EG23,Egypt,مِصر,EG,2006-01-01,2017-04-21,
Fayyum,قسم الفيوم,EG2301,Fayyum,,,,,Fayoum,الفيوم,EG23,Egypt,مِصر,EG,2006-01-01,2017-04-21,
Fayyum,مركز الفيوم,EG2302,Fayyum,,,,,Fayoum,الفيوم,EG23,Egypt,مِصر,EG,2006-01-01,2017-04-21,
Abshaway,مركز أبشواى,EG2303,Abshaway,,,,,Fayoum,الفيوم,EG23,Egypt,مِصر,EG,2006-01-01,2017-04-21,
Atsa,مركز أطسا,EG2304,Atsa,,,,,Fayoum,الفيوم,EG23,Egypt,مِصر,EG,2006-01-01,2017-04-21,
Sinuras,مركز سنورس,EG2305,Sinuras,,,,,Fayoum,الفيوم,EG23,Egypt,مِصر,EG,2006-01-01,2017-04-21,
Tamya,مركز طامية,EG2306,Tamya,,,,,Fayoum,الفيوم,EG23,Egypt,مِصر,EG,2006-01-01,2017-04-21,
Yousef El sadeq,مركز يوسف الصديق,EG2307,Yousef El sadeq,,,,,Fayoum,الفيوم,EG23,Egypt,مِصر,EG,2006-01-01,2017-04-21,
Fayyum City,مدينة الفيوم الجديدة,EG2308,Fayyum City,,,,,Fayoum,الفيوم,EG23,Egypt,مِصر,EG,2006-01-01,2017-04-21,
Zemam Out,خارج الزمام,EG2400,Zemam Out,,,,,Menia,المنيا,EG24,Egypt,مِصر,EG,2006-01-01,2017-04-21,
Kesm Al-minya,قسم المنيا,EG2401,Kesm Al-minya,,,,,Menia,المنيا,EG24,Egypt,مِصر,EG,2006-01-01,2017-04-21,
Markz Al Minya,مركز المنيا,EG2402,Markz Al Minya,,,,,Menia,المنيا,EG24,Egypt,مِصر,EG,2006-01-01,2017-04-21,
New Minya,مدينة المنيا الجديدة,EG2403,New Minya,,,,,Menia,المنيا,EG24,Egypt,مِصر,EG,2006-01-01,2017-04-21,
Markz Abu Qurqas,مركز ابو قرقاص,EG2404,Markz Abu Qurqas,,,,,Menia,المنيا,EG24,Egypt,مِصر,EG,2006-01-01,2017-04-21,
Markz Al Idwa,مركز العدوة,EG2405,Markz Al Idwa,,,,,Menia,المنيا,EG24,Egypt,مِصر,EG,2006-01-01,2017-04-21,
Markz Bani Mazar,مركز بنى مزار,EG2406,Markz Bani Mazar,,,,,Menia,المنيا,EG24,Egypt,مِصر,EG,2006-01-01,2017-04-21,
Markz Dir Mawas,مركز دير مواس,EG2407,Markz Dir Mawas,,,,,Menia,المنيا,EG24,Egypt,مِصر,EG,2006-01-01,2017-04-21,
Markz Samalut,مركز سمالوط,EG2408,Markz Samalut,,,,,Menia,المنيا,EG24,Egypt,مِصر,EG,2006-01-01,2017-04-21,
Markz Matay,مركز مطاى,EG2409,Markz Matay,,,,,Menia,المنيا,EG24,Egypt,مِصر,EG,2006-01-01,2017-04-21,
Markz Maghagha,مركز مغاغة,EG2410,Markz Maghagha,,,,,Menia,المنيا,EG24,Egypt,مِصر,EG,2006-01-01,2017-04-21,
Kesm Mallawi,قسم ملوى,EG2411,Kesm Mallawi,,,,,Menia,المنيا,EG24,Egypt,مِصر,EG,2006-01-01,2017-04-21,
Markz Mallawi,مركز ملوى,EG2412,Markz Mallawi,,,,,Menia,المنيا,EG24,Egypt,مِصر,EG,2006-01-01,2017-04-21,
Zemam Out,صحراء أسيوط,EG2500,Zemam Out,,,,,Assiut,أسيوط,EG25,Egypt,مِصر,EG,2006-01-01,2017-04-21,
Kesm Awal Assuit,قسم أول أسيوط,EG2501,Kesm Awal Assuit,,,,,Assiut,أسيوط,EG25,Egypt,مِصر,EG,2006-01-01,2017-04-21,
Kesm Than Assuit,قسم ثان أسيوط,EG2502,Kesm Than Assuit,,,,,Assiut,أسيوط,EG25,Egypt,مِصر,EG,2006-01-01,2017-04-21,
Assuit,مركز أسيوط,EG2503,Assuit,,,,,Assiut,أسيوط,EG25,Egypt,مِصر,EG,2006-01-01,2017-04-21,
Abnub,مركز أبنوب,EG2504,Abnub,,,,,Assiut,أسيوط,EG25,Egypt,مِصر,EG,2006-01-01,2017-04-21,
Abu Tig,مركز أبوتيج,EG2505,Abu Tig,,,,,Assiut,أسيوط,EG25,Egypt,مِصر,EG,2006-01-01,2017-04-21,
Al- Badari,مركز البدارى,EG2506,Al- Badari,,,,,Assiut,أسيوط,EG25,Egypt,مِصر,EG,2006-01-01,2017-04-21,
Sahil Silim,مركز ساحل سليم,EG2507,Sahil Silim,,,,,Assiut,أسيوط,EG25,Egypt,مِصر,EG,2006-01-01,2017-04-21,
Al-Ghanayem,مركز الغنايم,EG2508,Al-Ghanayem,,,,,Assiut,أسيوط,EG25,Egypt,مِصر,EG,2006-01-01,2017-04-21,
Al-Qusia,مركز القوصية,EG2509,Al-Qusia,,,,,Assiut,أسيوط,EG25,Egypt,مِصر,EG,2006-01-01,2017-04-21,
Dayrut,مركز ديروط,EG2510,Dayrut,,,,,Assiut,أسيوط,EG25,Egypt,مِصر,EG,2006-01-01,2017-04-21,
Sidfa,مركز صدفا,EG2511,Sidfa,,,,,Assiut,أسيوط,EG25,Egypt,مِصر,EG,2006-01-01,2017-04-21,
Manfalut,مركز منفلوط,EG2512,Manfalut,,,,,Assiut,أسيوط,EG25,Egypt,مِصر,EG,2006-01-01,2017-04-21,
Alfath,مركز الفتح,EG2513,Alfath,,,,,Assiut,أسيوط,EG25,Egypt,مِصر,EG,2006-01-01,2017-04-21,
Assuit City,مدينة اسيوط الجديدة,EG2514,Assuit City,,,,,Assiut,أسيوط,EG25,Egypt,مِصر,EG,2006-01-01,2017-04-21,
Zemam Out,صحراء سوهاج,EG2600,Zemam Out,,,,,Suhag,سوهاج,EG26,Egypt,مِصر,EG,2006-01-01,2017-04-21,
Suhag,قسم اول سوهاج,EG2601,Suhag,,,,,Suhag,سوهاج,EG26,Egypt,مِصر,EG,2006-01-01,2017-04-21,
Suhag-2,قسم ثان سوهاج,EG2602,Suhag-2,,,,,Suhag,سوهاج,EG26,Egypt,مِصر,EG,2006-01-01,2017-04-21,
Suhag,مركز سوهاج,EG2603,Suhag,,,,,Suhag,سوهاج,EG26,Egypt,مِصر,EG,2006-01-01,2017-04-21,
Akhmim,مركز أخميم,EG2604,Akhmim,,,,,Suhag,سوهاج,EG26,Egypt,مِصر,EG,2006-01-01,2017-04-21,
Al-Balyana,مركز البلينا,EG2605,Al-Balyana,,,,,Suhag,سوهاج,EG26,Egypt,مِصر,EG,2006-01-01,2017-04-21,
Al-Maragha ,مركز المراغة,EG2606,Al-Maragha ,,,,,Suhag,سوهاج,EG26,Egypt,مِصر,EG,2006-01-01,2017-04-21,
Al-Minshat,مركز المنشأة,EG2607,Al-Minshat,,,,,Suhag,سوهاج,EG26,Egypt,مِصر,EG,2006-01-01,2017-04-21,
Dar al-Salam ,مركز دار السلام,EG2608,Dar al-Salam ,,,,,Suhag,سوهاج,EG26,Egypt,مِصر,EG,2006-01-01,2017-04-21,
Girga,قسم جرجا,EG2609,Girga,,,,,Suhag,سوهاج,EG26,Egypt,مِصر,EG,2006-01-01,2017-04-21,
Girga,مركز جرجا,EG2610,Girga,,,,,Suhag,سوهاج,EG26,Egypt,مِصر,EG,2006-01-01,2017-04-21,
Guhayna Al-Gharbiyya,مركز جهينة الغربية,EG2611,Guhayna Al-Gharbiyya,,,,,Suhag,سوهاج,EG26,Egypt,مِصر,EG,2006-01-01,2017-04-21,
Saqulta,مركز ساقلته,EG2612,Saqulta,,,,,Suhag,سوهاج,EG26,Egypt,مِصر,EG,2006-01-01,2017-04-21,
Tama,مركز طما,EG2613,Tama,,,,,Suhag,سوهاج,EG26,Egypt,مِصر,EG,2006-01-01,2017-04-21,
Tahta,مركز طهطا,EG2614,Tahta,,,,,Suhag,سوهاج,EG26,Egypt,مِصر,EG,2006-01-01,2017-04-21,
Kesm Tahta,قسم طهطا,EG2615,Kesm Tahta,,,,,Suhag,سوهاج,EG26,Egypt,مِصر,EG,2006-01-01,2017-04-21,
Kawther,قسم الكوثر,EG2616,Kawther,,,,,Suhag,سوهاج,EG26,Egypt,مِصر,EG,2006-01-01,2017-04-21,
Al Usayrat,مركز العسيرات,EG2617,Al Usayrat,,,,,Suhag,سوهاج,EG26,Egypt,مِصر,EG,2006-01-01,2017-04-21,
Akhmim City,مدينة أخميم الجديدة,EG2618,Akhmim City,,,,,Suhag,سوهاج,EG26,Egypt,مِصر,EG,2006-01-01,2017-04-21,
Suhag City,مدينة سوهاج الجديدة,EG2619,Suhag City,,,,,Suhag,سوهاج,EG26,Egypt,مِصر,EG,2006-01-01,2017-04-21,
Zemam Out,صحراء قنا,EG2700,Zemam Out,,,,,Qena,قنا,EG27,Egypt,مِصر,EG,2006-01-01,2017-04-21,
Qina,قسم قنا,EG2701,Qina,,,,,Qena,قنا,EG27,Egypt,مِصر,EG,2006-01-01,2017-04-21,
Qina,مركز قنا,EG2702,Qina,,,,,Qena,قنا,EG27,Egypt,مِصر,EG,2006-01-01,2017-04-21,
Abu Tisht,مركز أبو طشت,EG2703,Abu Tisht,,,,,Qena,قنا,EG27,Egypt,مِصر,EG,2006-01-01,2017-04-21,
Armant,مركز أرمنت,EG2704,Armant,,,,,Qena,قنا,EG27,Egypt,مِصر,EG,2006-01-01,2017-04-21,
Isna,مركز إسنا,EG2705,Isna,,,,,Qena,قنا,EG27,Egypt,مِصر,EG,2006-01-01,2017-04-21,
Dishna,مركز دشنا,EG2706,Dishna,,,,,Qena,قنا,EG27,Egypt,مِصر,EG,2006-01-01,2017-04-21,
Qus,مركز قوص,EG2707,Qus,,,,,Qena,قنا,EG27,Egypt,مِصر,EG,2006-01-01,2017-04-21,
Nag Hammadi,مركز نجع حمادى,EG2708,Nag Hammadi,,,,,Qena,قنا,EG27,Egypt,مِصر,EG,2006-01-01,2017-04-21,
Naqada,مركز نقادة,EG2709,Naqada,,,,,Qena,قنا,EG27,Egypt,مِصر,EG,2006-01-01,2017-04-21,
Farshut,مركز فرشوط,EG2710,Farshut,,,,,Qena,قنا,EG27,Egypt,مِصر,EG,2006-01-01,2017-04-21,
Qift,مركز قفط,EG2711,Qift,,,,,Qena,قنا,EG27,Egypt,مِصر,EG,2006-01-01,2017-04-21,
Al Waqf,مركز الوقف,EG2712,Al Waqf,,,,,Qena,قنا,EG27,Egypt,مِصر,EG,2006-01-01,2017-04-21,
Qina City,مدينة قنا الجديدة,EG2713,Qina City,,,,,Qena,قنا,EG27,Egypt,مِصر,EG,2006-01-01,2017-04-21,
Zemam Out,خارج الزمام,EG2800,Zemam Out,,,,,Aswan,أسوان,EG28,Egypt,مِصر,EG,2006-01-01,2017-04-21,
Aswan,قسم أسوان,EG2801,Aswan,,,,,Aswan,أسوان,EG28,Egypt,مِصر,EG,2006-01-01,2017-04-21,
Aswan,مركز أسوان,EG2802,Aswan,,,,,Aswan,أسوان,EG28,Egypt,مِصر,EG,2006-01-01,2017-04-21,
Adfu,مركز أدفو,EG2803,Adfu,,,,,Aswan,أسوان,EG28,Egypt,مِصر,EG,2006-01-01,2017-04-21,
Kum Umbu,مركز كوم امبو,EG2804,Kum Umbu,,,,,Aswan,أسوان,EG28,Egypt,مِصر,EG,2006-01-01,2017-04-21,
Nasr,مركز نصر,EG2805,Nasr,,,,,Aswan,أسوان,EG28,Egypt,مِصر,EG,2006-01-01,2017-04-21,
Daraw,مركز دراو,EG2806,Daraw,,,,,Aswan,أسوان,EG28,Egypt,مِصر,EG,2006-01-01,2017-04-21,
Abu Simbel,مركز أبوسنبل,EG2807,Abu Simbel,,,,,Aswan,أسوان,EG28,Egypt,مِصر,EG,2006-01-01,2017-04-21,
Aswan City,مدينة أسوان الجديدة,EG2808,Aswan City,,,,,Aswan,أسوان,EG28,Egypt,مِصر,EG,2006-01-01,2017-04-21,
Tushaka,مدينة توشكى الجديدة,EG2809,Tushaka,,,,,Aswan,أسوان,EG28,Egypt,مِصر,EG,2006-01-01,2017-04-21,
Zemam Out,خارج الزمام,EG2900,Zemam Out,,,,,Luxor,مدينة الأقصر,EG29,Egypt,مِصر,EG,2006-01-01,2017-04-21,
Luxor,قسم الأقصر,EG2901,Luxor,,,,,Luxor,مدينة الأقصر,EG29,Egypt,مِصر,EG,2006-01-01,2017-04-21,
Luxor,مركز الأقصر,EG2902,Luxor,,,,,Luxor,مدينة الأقصر,EG29,Egypt,مِصر,EG,2006-01-01,2017-04-21,
Tiba police station,مركز شرطة طيبة,EG2903,Tiba police station,,,,,Luxor,مدينة الأقصر,EG29,Egypt,مِصر,EG,2006-01-01,2017-04-21,
Hurghada 1,قسم أول الغردقة,EG3101,Hurghada 1,,,,,Red Sea,البحر الأحمر,EG31,Egypt,مِصر,EG,2006-01-01,2017-04-21,
Qusir,قسم القصير,EG3102,Qusir,,,,,Red Sea,البحر الأحمر,EG31,Egypt,مِصر,EG,2006-01-01,2017-04-21,
Safaga,قسم سفاجا,EG3103,Safaga,,,,,Red Sea,البحر الأحمر,EG31,Egypt,مِصر,EG,2006-01-01,2017-04-21,
Marsa Alam,قسم مرسى علم,EG3104,Marsa Alam,,,,,Red Sea,البحر الأحمر,EG31,Egypt,مِصر,EG,2006-01-01,2017-04-21,
Ras Gharib,قسم رأس غارب,EG3105,Ras Gharib,,,,,Red Sea,البحر الأحمر,EG31,Egypt,مِصر,EG,2006-01-01,2017-04-21,
Shallatin,قسم شلاتين,EG3106,Shallatin,,,,,Red Sea,البحر الأحمر,EG31,Egypt,مِصر,EG,2006-01-01,2017-04-21,
Halayib,قسم حلايب,EG3107,Halayib,,,,,Red Sea,البحر الأحمر,EG31,Egypt,مِصر,EG,2006-01-01,2017-04-21,
Hurghada 2,قسم ثان الغردقة,EG3108,Hurghada 2,,,,,Red Sea,البحر الأحمر,EG31,Egypt,مِصر,EG,2006-01-01,2017-04-21,
Al-Kharga Oasis,مركز الواحات الخارجة,EG3201,Al-Kharga Oasis,,,,,New Valley,الوادى الجديد,EG32,Egypt,مِصر,EG,2006-01-01,2017-04-21,
A-Dakhla Oasis,مركز الوحات الداخلة,EG3202,A-Dakhla Oasis,,,,,New Valley,الوادى الجديد,EG32,Egypt,مِصر,EG,2006-01-01,2017-04-21,
Al Farafra Oasis,مركز الفرافرة,EG3203,Al Farafra Oasis,,,,,New Valley,الوادى الجديد,EG32,Egypt,مِصر,EG,2006-01-01,2017-04-21,
Paris Paris,مركز باريس,EG3204,Paris Paris,,,,,New Valley,الوادى الجديد,EG32,Egypt,مِصر,EG,2006-01-01,2017-04-21,
Marsa Matruh,قسم مرسى مطروح,EG3301,Marsa Matruh,,,,,Matrouh,مطروح,EG33,Egypt,مِصر,EG,2006-01-01,2017-04-21,
Al-Hammam,قسم الحمام,EG3302,Al-Hammam,,,,,Matrouh,مطروح,EG33,Egypt,مِصر,EG,2006-01-01,2017-04-21,
Salloum,قسم السلوم,EG3303,Salloum,,,,,Matrouh,مطروح,EG33,Egypt,مِصر,EG,2006-01-01,2017-04-21,
Daba,مركز الضبعة,EG3304,Daba,,,,,Matrouh,مطروح,EG33,Egypt,مِصر,EG,2006-01-01,2017-04-21,
Sidi Barani,قسم سيدى برانى,EG3305,Sidi Barani,,,,,Matrouh,مطروح,EG33,Egypt,مِصر,EG,2006-01-01,2017-04-21,
Siwa,مركز سيوة,EG3306,Siwa,,,,,Matrouh,مطروح,EG33,Egypt,مِصر,EG,2006-01-01,2017-04-21,
Alamn,قسم مارينا العلمين السياحية,EG3307,Alamn,,,,,Matrouh,مطروح,EG33,Egypt,مِصر,EG,2006-01-01,2017-04-21,
North Coast,قسم الساحل الشمالى-جزء,EG3308,North Coast,,,,,Matrouh,مطروح,EG33,Egypt,مِصر,EG,2006-01-01,2017-04-21,
El Arish 1,قسم أول العريش,EG3401,El Arish 1,,,,,North Sinai,شمال سيناء,EG34,Egypt,مِصر,EG,2006-01-01,2017-04-21,
El Arish 2,قسم ثان العريش,EG3402,El Arish 2,,,,,North Sinai,شمال سيناء,EG34,Egypt,مِصر,EG,2006-01-01,2017-04-21,
El Arish 3,قسم ثالث العريش,EG3403,El Arish 3,,,,,North Sinai,شمال سيناء,EG34,Egypt,مِصر,EG,2006-01-01,2017-04-21,
El Arish 4,قسم رابع العريش,EG3404,El Arish 4,,,,,North Sinai,شمال سيناء,EG34,Egypt,مِصر,EG,2006-01-01,2017-04-21,
Bir Al-Abd,قسم بئر العبد,EG3405,Bir Al-Abd,,,,,North Sinai,شمال سيناء,EG34,Egypt,مِصر,EG,2006-01-01,2017-04-21,
Al-Hasna,قسم الحسنة,EG3406,Al-Hasna,,,,,North Sinai,شمال سيناء,EG34,Egypt,مِصر,EG,2006-01-01,2017-04-21,
Nakhl,قسم نخل,EG3407,Nakhl,,,,,North Sinai,شمال سيناء,EG34,Egypt,مِصر,EG,2006-01-01,2017-04-21,
Shaykh Zuwayd,قسم الشيخ زويد,EG3408,Shaykh Zuwayd,,,,,North Sinai,شمال سيناء,EG34,Egypt,مِصر,EG,2006-01-01,2017-04-21,
Rafah,قسم رفح,EG3409,Rafah,,,,,North Sinai,شمال سيناء,EG34,Egypt,مِصر,EG,2006-01-01,2017-04-21,
Rummana,قسم رمانة,EG3410,Rummana,,,,,North Sinai,شمال سيناء,EG34,Egypt,مِصر,EG,2006-01-01,2017-04-21,
Qasima,قسم القسيمة,EG3411,Qasima,,,,,North Sinai,شمال سيناء,EG34,Egypt,مِصر,EG,2006-01-01,2017-04-21,
Al-Tur,قسم الطور,EG3501,Al-Tur,,,,,South Sinai,جنوب سيناء,EG35,Egypt,مِصر,EG,2006-01-01,2017-04-21,
Ras Sidr,قسم رأس سدر,EG3502,Ras Sidr,,,,,South Sinai,جنوب سيناء,EG35,Egypt,مِصر,EG,2006-01-01,2017-04-21,
Abu Radis,قسم أبو رديس,EG3503,Abu Radis,,,,,South Sinai,جنوب سيناء,EG35,Egypt,مِصر,EG,2006-01-01,2017-04-21,
Sant Katrin,قسم سانت كاترين,EG3504,Sant Katrin,,,,,South Sinai,جنوب سيناء,EG35,Egypt,مِصر,EG,2006-01-01,2017-04-21,
Sharm el-Sheikh,قسم شرم الشيخ,EG3505,Sharm el-Sheikh,,,,,South Sinai,جنوب سيناء,EG35,Egypt,مِصر,EG,2006-01-01,2017-04-21,
Dahab,قسم دهب,EG3506,Dahab,,,,,South Sinai,جنوب سيناء,EG35,Egypt,مِصر,EG,2006-01-01,2017-04-21,
Nuweiba,قسم نويبع,EG3507,Nuweiba,,,,,South Sinai,جنوب سيناء,EG35,Egypt,مِصر,EG,2006-01-01,2017-04-21,
Taba,قسم طابا,EG3508,Taba,,,,,South Sinai,جنوب سيناء,EG35,Egypt,مِصر,EG,2006-01-01,2017-04-21,
